[
  {
    "__type__": "cc.SceneAsset",
    "_name": "helloworld",
    "_objFlags": 0,
    "_native": "",
    "scene": {
      "__id__": 1
    },
    "asyncLoadAssets": false
  },
  {
    "__type__": "cc.Scene",
    "_objFlags": 0,
    "_parent": null,
    "_children": [
      {
        "__id__": 2
      }
    ],
    "_active": false,
    "_level": 0,
    "_components": [],
    "_prefab": null,
    "_opacity": 255,
    "_color": {
      "__type__": "cc.Color",
      "r": 255,
      "g": 255,
      "b": 255,
      "a": 255
    },
    "_contentSize": {
      "__type__": "cc.Size",
      "width": 0,
      "height": 0
    },
    "_anchorPoint": {
      "__type__": "cc.Vec2",
      "x": 0,
      "y": 0
    },
    "_scale": {
      "__type__": "cc.Vec3",
      "x": 1,
      "y": 1,
      "z": 1
    },
    "_is3DNode": true,
    "groupIndex": 0,
    "autoReleaseAssets": false,
    "_id": "2d2f792f-a40c-49bb-a189-ed176a246e49"
  },
  {
    "__type__": "cc.Node",
    "_name": "Canvas",
    "_objFlags": 0,
    "_parent": {
      "__id__": 1
    },
    "_children": [
      {
        "__id__": 3
      },
      {
        "__id__": 5
      },
      {
        "__id__": 8
      },
      {
        "__id__": 24
      },
      {
        "__id__": 27
      },
      {
        "__id__": 36
      },
      {
        "__id__": 12
      },
      {
        "__id__": 50
      },
      {
        "__id__": 60
      },
      {
        "__id__": 64
      },
      {
        "__id__": 68
      }
    ],
    "_active": true,
    "_level": 1,
    "_components": [
      {
        "__id__": 77
      }
    ],
    "_prefab": null,
    "_opacity": 255,
    "_color": {
      "__type__": "cc.Color",
      "r": 252,
      "g": 252,
      "b": 252,
      "a": 255
    },
    "_contentSize": {
      "__type__": "cc.Size",
      "width": 960,
      "height": 640
    },
    "_anchorPoint": {
      "__type__": "cc.Vec2",
      "x": 0.5,
      "y": 0.5
    },
    "_position": {
      "__type__": "cc.Vec3",
      "x": 480,
      "y": 320,
      "z": 0
    },
    "_scale": {
      "__type__": "cc.Vec3",
      "x": 1,
      "y": 1,
      "z": 1
    },
    "_eulerAngles": {
      "__type__": "cc.Vec3",
      "x": 0,
      "y": 0,
      "z": 0
    },
    "_skewX": 0,
    "_skewY": 0,
    "_is3DNode": false,
    "groupIndex": 0,
    "_id": "a286bbGknJLZpRpxROV6M94"
  },
  {
    "__type__": "cc.Node",
    "_name": "Main Camera",
    "_objFlags": 0,
    "_parent": {
      "__id__": 2
    },
    "_children": [],
    "_active": true,
    "_level": 1,
    "_components": [
      {
        "__id__": 4
      }
    ],
    "_prefab": null,
    "_opacity": 255,
    "_color": {
      "__type__": "cc.Color",
      "r": 255,
      "g": 255,
      "b": 255,
      "a": 255
    },
    "_contentSize": {
      "__type__": "cc.Size",
      "width": 0,
      "height": 0
    },
    "_anchorPoint": {
      "__type__": "cc.Vec2",
      "x": 0.5,
      "y": 0.5
    },
    "_position": {
      "__type__": "cc.Vec3",
      "x": 0,
      "y": 0,
      "z": 232.08723727189482
    },
    "_scale": {
      "__type__": "cc.Vec3",
      "x": 1,
      "y": 1,
      "z": 1
    },
    "_eulerAngles": {
      "__type__": "cc.Vec3",
      "x": 0,
      "y": 0,
      "z": 0
    },
    "_skewX": 0,
    "_skewY": 0,
    "_is3DNode": false,
    "groupIndex": 0,
    "_id": "bajsC4KotFLZ6XLFLKnycL"
  },
  {
    "__type__": "cc.Camera",
    "_name": "",
    "_objFlags": 0,
    "node": {
      "__id__": 3
    },
    "_enabled": true,
    "_cullingMask": 4294967295,
    "_clearFlags": 7,
    "_backgroundColor": {
      "__type__": "cc.Color",
      "r": 0,
      "g": 0,
      "b": 0,
      "a": 255
    },
    "_depth": -1,
    "_zoomRatio": 1,
    "_targetTexture": null,
    "_fov": 60,
    "_orthoSize": 10,
    "_nearClip": 1,
    "_farClip": 4096,
    "_ortho": true,
    "_rect": {
      "__type__": "cc.Rect",
      "x": 0,
      "y": 0,
      "width": 1,
      "height": 1
    },
    "_renderStages": 1,
    "_id": "c7r5+B15dD56dUBiNj+0KH"
  },
  {
    "__type__": "cc.Node",
    "_name": "background",
    "_objFlags": 0,
    "_parent": {
      "__id__": 2
    },
    "_children": [],
    "_active": true,
    "_level": 0,
    "_components": [
      {
        "__id__": 6
      },
      {
        "__id__": 7
      }
    ],
    "_prefab": null,
    "_opacity": 255,
    "_color": {
      "__type__": "cc.Color",
      "r": 255,
      "g": 255,
      "b": 255,
      "a": 255
    },
    "_contentSize": {
      "__type__": "cc.Size",
      "width": 1536,
      "height": 144.76362813843022
    },
    "_anchorPoint": {
      "__type__": "cc.Vec2",
      "x": 0.5,
      "y": 0.5
    },
    "_position": {
      "__type__": "cc.Vec3",
      "x": 0,
      "y": 0,
      "z": 0
    },
    "_scale": {
      "__type__": "cc.Vec3",
      "x": 0.625,
      "y": 4.421,
      "z": 0.625
    },
    "_eulerAngles": {
      "__type__": "cc.Vec3",
      "x": 0,
      "y": 0,
      "z": 0
    },
    "_skewX": 0,
    "_skewY": 0,
    "_is3DNode": false,
    "groupIndex": 0,
    "_id": "e2e0crkOLxGrpMxpbC4iQg1"
  },
  {
    "__type__": "cc.Widget",
    "_name": "",
    "_objFlags": 0,
    "node": {
      "__id__": 5
    },
    "_enabled": true,
    "alignMode": 1,
    "_target": null,
    "_alignFlags": 45,
    "_left": 0,
    "_right": 0,
    "_top": 0,
    "_bottom": 0,
    "_verticalCenter": 0,
    "_horizontalCenter": 0,
    "_isAbsLeft": true,
    "_isAbsRight": true,
    "_isAbsTop": true,
    "_isAbsBottom": true,
    "_isAbsHorizontalCenter": true,
    "_isAbsVerticalCenter": true,
    "_originalWidth": 200,
    "_originalHeight": 150,
    "_id": "86+yud7pFDSrM+lsxByQvE"
  },
  {
    "__type__": "cc.Sprite",
    "_name": "",
    "_objFlags": 0,
    "node": {
      "__id__": 5
    },
    "_enabled": true,
    "_materials": [
      {
        "__uuid__": "eca5d2f2-8ef6-41c2-bbe6-f9c79d09c432"
      }
    ],
    "_srcBlendFactor": 770,
    "_dstBlendFactor": 771,
    "_spriteFrame": {
      "__uuid__": "27571afa-2bb6-4199-a487-409aab04202b"
    },
    "_type": 1,
    "_sizeMode": 0,
    "_fillType": 0,
    "_fillCenter": {
      "__type__": "cc.Vec2",
      "x": 0,
      "y": 0
    },
    "_fillStart": 0,
    "_fillRange": 0,
    "_isTrimmedMode": true,
    "_atlas": null,
    "_id": "1bi08CbSBHsZSXfV2t6eKB"
  },
  {
    "__type__": "cc.Node",
    "_name": "windoor",
    "_objFlags": 0,
    "_parent": {
      "__id__": 2
    },
    "_children": [],
    "_active": true,
    "_level": 2,
    "_components": [
      {
        "__id__": 9
      },
      {
        "__id__": 10
      },
      {
        "__id__": 23
      }
    ],
    "_prefab": null,
    "_opacity": 255,
    "_color": {
      "__type__": "cc.Color",
      "r": 255,
      "g": 255,
      "b": 255,
      "a": 255
    },
    "_contentSize": {
      "__type__": "cc.Size",
      "width": 137,
      "height": 306
    },
    "_anchorPoint": {
      "__type__": "cc.Vec2",
      "x": 0.5,
      "y": 0.5
    },
    "_position": {
      "__type__": "cc.Vec3",
      "x": 452.395,
      "y": -219.173,
      "z": 0
    },
    "_scale": {
      "__type__": "cc.Vec3",
      "x": 0.559,
      "y": 0.559,
      "z": 0.559
    },
    "_eulerAngles": {
      "__type__": "cc.Vec3",
      "x": 0,
      "y": 0,
      "z": 0
    },
    "_skewX": -2,
    "_skewY": -25,
    "_is3DNode": false,
    "groupIndex": 1,
    "_id": "f5FihxbmJH9rS8IgIBxAiB"
  },
  {
    "__type__": "cc.Sprite",
    "_name": "",
    "_objFlags": 0,
    "node": {
      "__id__": 8
    },
    "_enabled": true,
    "_materials": [
      {
        "__uuid__": "eca5d2f2-8ef6-41c2-bbe6-f9c79d09c432"
      }
    ],
    "_srcBlendFactor": 770,
    "_dstBlendFactor": 771,
    "_spriteFrame": {
      "__uuid__": "953dab11-3e78-46cc-a79b-659af718224a"
    },
    "_type": 0,
    "_sizeMode": 1,
    "_fillType": 0,
    "_fillCenter": {
      "__type__": "cc.Vec2",
      "x": 0,
      "y": 0
    },
    "_fillStart": 0,
    "_fillRange": 0,
    "_isTrimmedMode": true,
    "_atlas": null,
    "_id": "68ycC5VRRFHLG1SmKKCO/+"
  },
  {
    "__type__": "6e1e63+uYdNbavegsW2rKOZ",
    "_name": "",
    "_objFlags": 0,
    "node": {
      "__id__": 8
    },
    "_enabled": true,
    "winLayout": {
      "__id__": 11
    },
    "loseLayout": null,
    "_flag": false,
    "_id": "eeRw7JAWBMmqUInLWpZ5LR"
  },
  {
    "__type__": "cc.Layout",
    "_name": "",
    "_objFlags": 0,
    "node": {
      "__id__": 12
    },
    "_enabled": true,
    "_layoutSize": {
      "__type__": "cc.Size",
      "width": 1000,
      "height": 800
    },
    "_resize": 0,
    "_N$layoutType": 0,
    "_N$padding": 0,
    "_N$cellSize": {
      "__type__": "cc.Size",
      "width": 40,
      "height": 40
    },
    "_N$startAxis": 0,
    "_N$paddingLeft": 0,
    "_N$paddingRight": 0,
    "_N$paddingTop": 0,
    "_N$paddingBottom": 0,
    "_N$spacingX": 0,
    "_N$spacingY": 0,
    "_N$verticalDirection": 1,
    "_N$horizontalDirection": 0,
    "_N$affectedByScale": false,
    "_id": "19TNFRezpBEoSsFcY6pdJR"
  },
  {
    "__type__": "cc.Node",
    "_name": "WinLayout",
    "_objFlags": 0,
    "_parent": {
      "__id__": 2
    },
    "_children": [
      {
        "__id__": 13
      },
      {
        "__id__": 16
      }
    ],
    "_active": false,
    "_level": 2,
    "_components": [
      {
        "__id__": 22
      },
      {
        "__id__": 11
      }
    ],
    "_prefab": null,
    "_opacity": 155,
    "_color": {
      "__type__": "cc.Color",
      "r": 15,
      "g": 15,
      "b": 15,
      "a": 255
    },
    "_contentSize": {
      "__type__": "cc.Size",
      "width": 2000,
      "height": 1000
    },
    "_anchorPoint": {
      "__type__": "cc.Vec2",
      "x": 0.5,
      "y": 0.5
    },
    "_position": {
      "__type__": "cc.Vec3",
      "x": 0,
      "y": 0,
      "z": 0
    },
    "_scale": {
      "__type__": "cc.Vec3",
      "x": 1,
      "y": 1,
      "z": 1
    },
    "_eulerAngles": {
      "__type__": "cc.Vec3",
      "x": 0,
      "y": 0,
      "z": 0
    },
    "_skewX": 0,
    "_skewY": 0,
    "_is3DNode": false,
    "groupIndex": 0,
    "_id": "18Ir0lxClF86Kx+F5bnpd9"
  },
  {
    "__type__": "cc.Node",
    "_name": "New Particle",
    "_objFlags": 0,
    "_parent": {
      "__id__": 12
    },
    "_children": [],
    "_active": true,
    "_level": 3,
    "_components": [
      {
        "__id__": 14
      },
      {
        "__id__": 15
      }
    ],
    "_prefab": null,
    "_opacity": 255,
    "_color": {
      "__type__": "cc.Color",
      "r": 255,
      "g": 255,
      "b": 255,
      "a": 255
    },
    "_contentSize": {
      "__type__": "cc.Size",
      "width": 0,
      "height": 0
    },
    "_anchorPoint": {
      "__type__": "cc.Vec2",
      "x": 0.5,
      "y": 0.5
    },
    "_position": {
      "__type__": "cc.Vec3",
      "x": -5.688,
      "y": -332.482,
      "z": 0
    },
    "_scale": {
      "__type__": "cc.Vec3",
      "x": 1,
      "y": 1,
      "z": 1
    },
    "_eulerAngles": {
      "__type__": "cc.Vec3",
      "x": 0,
      "y": 0,
      "z": 0
    },
    "_skewX": 0,
    "_skewY": 0,
    "_is3DNode": false,
    "groupIndex": 0,
    "_id": "53hVREWwlOt7VKA/U+Mipi"
  },
  {
    "__type__": "cc.ParticleSystem",
    "_name": "",
    "_objFlags": 0,
    "node": {
      "__id__": 13
    },
    "_enabled": true,
    "_materials": [
      {
        "__uuid__": "eca5d2f2-8ef6-41c2-bbe6-f9c79d09c432"
      }
    ],
    "_srcBlendFactor": 770,
    "_dstBlendFactor": 771,
    "_custom": true,
    "_file": {
      "__uuid__": "b8223619-7e38-47c4-841f-9160c232495a"
    },
    "_spriteFrame": {
      "__uuid__": "7e4382c4-c499-445e-9b04-368d385be5c7"
    },
    "_texture": {
      "__uuid__": "32f691df-8720-4bf6-9c7c-afac28fecafc"
    },
    "_stopped": true,
    "playOnLoad": true,
    "autoRemoveOnFinish": false,
    "totalParticles": 2500,
    "duration": -1,
    "emissionRate": 800,
    "life": 10,
    "lifeVar": 10,
    "_startColor": {
      "__type__": "cc.Color",
      "r": 255,
      "g": 255,
      "b": 0,
      "a": 163
    },
    "_startColorVar": {
      "__type__": "cc.Color",
      "r": 0,
      "g": 0,
      "b": 0,
      "a": 198
    },
    "_endColor": {
      "__type__": "cc.Color",
      "r": 255,
      "g": 255,
      "b": 255,
      "a": 214
    },
    "_endColorVar": {
      "__type__": "cc.Color",
      "r": 0,
      "g": 0,
      "b": 0,
      "a": 188
    },
    "angle": 90,
    "angleVar": 80,
    "startSize": 20,
    "startSizeVar": 30,
    "endSize": 30,
    "endSizeVar": 20,
    "startSpin": 0,
    "startSpinVar": 180,
    "endSpin": 180,
    "endSpinVar": 360,
    "sourcePos": {
      "__type__": "cc.Vec2",
      "x": 0,
      "y": 0
    },
    "posVar": {
      "__type__": "cc.Vec2",
      "x": 10,
      "y": 0
    },
    "_positionType": 1,
    "positionType": 1,
    "emitterMode": 0,
    "gravity": {
      "__type__": "cc.Vec2",
      "x": 0,
      "y": -180
    },
    "speed": 500,
    "speedVar": 0,
    "tangentialAccel": 0,
    "tangentialAccelVar": 100,
    "radialAccel": 0,
    "radialAccelVar": 10,
    "rotationIsDir": true,
    "startRadius": 100,
    "startRadiusVar": 0,
    "endRadius": 0,
    "endRadiusVar": 0,
    "rotatePerS": 0,
    "rotatePerSVar": 0,
    "_N$preview": true,
    "_id": "f4wVzpJJZJ+L2ERkI/9d2C"
  },
  {
    "__type__": "cc.Animation",
    "_name": "",
    "_objFlags": 0,
    "node": {
      "__id__": 13
    },
    "_enabled": true,
    "_defaultClip": null,
    "_clips": [],
    "playOnLoad": false,
    "_id": "f0cd4ZsXJEp50fFFNauuAM"
  },
  {
    "__type__": "cc.Node",
    "_name": "New RichText",
    "_objFlags": 0,
    "_parent": {
      "__id__": 12
    },
    "_children": [
      {
        "__id__": 17
      },
      {
        "__id__": 19
      }
    ],
    "_active": true,
    "_level": 3,
    "_components": [
      {
        "__id__": 21
      }
    ],
    "_prefab": null,
    "_opacity": 255,
    "_color": {
      "__type__": "cc.Color",
      "r": 255,
      "g": 255,
      "b": 255,
      "a": 255
    },
    "_contentSize": {
      "__type__": "cc.Size",
      "width": 146.68,
      "height": 63
    },
    "_anchorPoint": {
      "__type__": "cc.Vec2",
      "x": 0.5,
      "y": 0.5
    },
    "_position": {
      "__type__": "cc.Vec3",
      "x": 0,
      "y": 0,
      "z": 0
    },
    "_scale": {
      "__type__": "cc.Vec3",
      "x": 2.081,
      "y": 2.081,
      "z": 2.081
    },
    "_eulerAngles": {
      "__type__": "cc.Vec3",
      "x": 0,
      "y": 0,
      "z": 0
    },
    "_skewX": 0,
    "_skewY": 0,
    "_is3DNode": false,
    "groupIndex": 0,
    "_id": "23QnOCIWNJCJFVbd9vgdKX"
  },
  {
    "__type__": "cc.PrivateNode",
    "_name": "RICHTEXT_CHILD",
    "_objFlags": 1024,
    "_parent": {
      "__id__": 16
    },
    "_children": [],
    "_active": false,
    "_level": 4,
    "_components": [
      {
        "__id__": 18
      }
    ],
    "_prefab": null,
    "_opacity": 255,
    "_color": {
      "__type__": "cc.Color",
      "r": 2,
      "g": 239,
      "b": 247,
      "a": 255
    },
    "_contentSize": {
      "__type__": "cc.Size",
      "width": 87.8,
      "height": 63
    },
    "_anchorPoint": {
      "__type__": "cc.Vec2",
      "x": 0,
      "y": 0
    },
    "_position": {
      "__type__": "cc.Vec3",
      "x": -73.34,
      "y": -31.5,
      "z": 0
    },
    "_scale": {
      "__type__": "cc.Vec3",
      "x": 1,
      "y": 1,
      "z": 1
    },
    "_eulerAngles": {
      "__type__": "cc.Vec3",
      "x": 0,
      "y": 0,
      "z": 0
    },
    "_skewX": 0,
    "_skewY": 0,
    "_is3DNode": false,
    "groupIndex": 0,
    "showInEditor": false,
    "_id": "d32Wf31yhHS7lC1MiJN6LT"
  },
  {
    "__type__": "cc.Label",
    "_name": "",
    "_objFlags": 0,
    "node": {
      "__id__": 17
    },
    "_enabled": true,
    "_materials": [
      {
        "__uuid__": "eca5d2f2-8ef6-41c2-bbe6-f9c79d09c432"
      }
    ],
    "_useOriginalSize": true,
    "_string": "Game",
    "_N$string": "Game",
    "_fontSize": 40,
    "_lineHeight": 50,
    "_enableWrapText": true,
    "_N$file": {
      "__uuid__": "37a1309d-2a1a-4640-8fc3-49af03d17a25"
    },
    "_isSystemFontUsed": false,
    "_spacingX": 0,
    "_batchAsBitmap": false,
    "_N$horizontalAlign": 0,
    "_N$verticalAlign": 1,
    "_N$fontFamily": "Arial",
    "_N$overflow": 0,
    "_N$cacheMode": 0,
    "_id": "96tiL8XK9OKbsV2guWW4hv"
  },
  {
    "__type__": "cc.PrivateNode",
    "_name": "RICHTEXT_CHILD",
    "_objFlags": 1024,
    "_parent": {
      "__id__": 16
    },
    "_children": [],
    "_active": false,
    "_level": 4,
    "_components": [
      {
        "__id__": 20
      }
    ],
    "_prefab": null,
    "_opacity": 255,
    "_color": {
      "__type__": "cc.Color",
      "r": 227,
      "g": 247,
      "b": 2,
      "a": 255
    },
    "_contentSize": {
      "__type__": "cc.Size",
      "width": 58.88,
      "height": 63
    },
    "_anchorPoint": {
      "__type__": "cc.Vec2",
      "x": 0,
      "y": 0
    },
    "_position": {
      "__type__": "cc.Vec3",
      "x": 14.459999999999994,
      "y": -31.5,
      "z": 0
    },
    "_scale": {
      "__type__": "cc.Vec3",
      "x": 1,
      "y": 1,
      "z": 1
    },
    "_eulerAngles": {
      "__type__": "cc.Vec3",
      "x": 0,
      "y": 0,
      "z": 0
    },
    "_skewX": 0,
    "_skewY": 0,
    "_is3DNode": false,
    "groupIndex": 0,
    "showInEditor": false,
    "_id": "86ccLU1xdIYaT9QrTbfO5L"
  },
  {
    "__type__": "cc.Label",
    "_name": "",
    "_objFlags": 0,
    "node": {
      "__id__": 19
    },
    "_enabled": true,
    "_materials": [
      {
        "__uuid__": "eca5d2f2-8ef6-41c2-bbe6-f9c79d09c432"
      }
    ],
    "_useOriginalSize": true,
    "_string": "Win",
    "_N$string": "Win",
    "_fontSize": 40,
    "_lineHeight": 50,
    "_enableWrapText": true,
    "_N$file": {
      "__uuid__": "37a1309d-2a1a-4640-8fc3-49af03d17a25"
    },
    "_isSystemFontUsed": false,
    "_spacingX": 0,
    "_batchAsBitmap": false,
    "_N$horizontalAlign": 0,
    "_N$verticalAlign": 1,
    "_N$fontFamily": "Arial",
    "_N$overflow": 0,
    "_N$cacheMode": 0,
    "_id": "98BXp0sgVMuoLEo+7NCvUX"
  },
  {
    "__type__": "cc.RichText",
    "_name": "",
    "_objFlags": 0,
    "node": {
      "__id__": 16
    },
    "_enabled": true,
    "_fontFamily": "Arial",
    "_isSystemFontUsed": false,
    "_N$string": "<color=#02eff7>Game</c><color=#e3f702>Win</color>",
    "_N$horizontalAlign": 0,
    "_N$fontSize": 40,
    "_N$font": {
      "__uuid__": "37a1309d-2a1a-4640-8fc3-49af03d17a25"
    },
    "_N$maxWidth": 0,
    "_N$lineHeight": 50,
    "_N$imageAtlas": null,
    "_N$handleTouchEvent": true,
    "_id": "7b2X4UmX1JWZnrjae97s6A"
  },
  {
    "__type__": "cc.Sprite",
    "_name": "",
    "_objFlags": 0,
    "node": {
      "__id__": 12
    },
    "_enabled": true,
    "_materials": [
      {
        "__uuid__": "eca5d2f2-8ef6-41c2-bbe6-f9c79d09c432"
      }
    ],
    "_srcBlendFactor": 770,
    "_dstBlendFactor": 771,
    "_spriteFrame": {
      "__uuid__": "9bbda31e-ad49-43c9-aaf2-f7d9896bac69"
    },
    "_type": 1,
    "_sizeMode": 0,
    "_fillType": 2,
    "_fillCenter": {
      "__type__": "cc.Vec2",
      "x": 0,
      "y": 0
    },
    "_fillStart": 0,
    "_fillRange": 0,
    "_isTrimmedMode": true,
    "_atlas": null,
    "_id": "73StiHESVNKIb8B4cRDnzP"
  },
  {
    "__type__": "cc.BoxCollider",
    "_name": "",
    "_objFlags": 0,
    "node": {
      "__id__": 8
    },
    "_enabled": true,
    "tag": 0,
    "_offset": {
      "__type__": "cc.Vec2",
      "x": 0,
      "y": 0
    },
    "_size": {
      "__type__": "cc.Size",
      "width": 137,
      "height": 306
    },
    "_id": "dfGz64h9ND/4sDNvtwuYlI"
  },
  {
    "__type__": "cc.Node",
    "_name": "Spike",
    "_objFlags": 0,
    "_parent": {
      "__id__": 2
    },
    "_children": [],
    "_active": true,
    "_level": 1,
    "_components": [
      {
        "__id__": 25
      },
      {
        "__id__": 26
      }
    ],
    "_prefab": null,
    "_opacity": 255,
    "_color": {
      "__type__": "cc.Color",
      "r": 255,
      "g": 255,
      "b": 255,
      "a": 255
    },
    "_contentSize": {
      "__type__": "cc.Size",
      "width": 500,
      "height": 404
    },
    "_anchorPoint": {
      "__type__": "cc.Vec2",
      "x": 0.5,
      "y": 0.5
    },
    "_position": {
      "__type__": "cc.Vec3",
      "x": -196.828,
      "y": -282.286,
      "z": 0
    },
    "_scale": {
      "__type__": "cc.Vec3",
      "x": 0.2,
      "y": 0.2,
      "z": 1
    },
    "_eulerAngles": {
      "__type__": "cc.Vec3",
      "x": 0,
      "y": 0,
      "z": 0
    },
    "_skewX": 0,
    "_skewY": 0,
    "_is3DNode": false,
    "groupIndex": 2,
    "_id": "0f1zhkPDlOCrQzKGKnrwV7"
  },
  {
    "__type__": "cc.Sprite",
    "_name": "",
    "_objFlags": 0,
    "node": {
      "__id__": 24
    },
    "_enabled": true,
    "_materials": [
      {
        "__uuid__": "eca5d2f2-8ef6-41c2-bbe6-f9c79d09c432"
      }
    ],
    "_srcBlendFactor": 770,
    "_dstBlendFactor": 771,
    "_spriteFrame": {
      "__uuid__": "309af45e-2832-4638-9283-3395ee0172b8"
    },
    "_type": 0,
    "_sizeMode": 1,
    "_fillType": 0,
    "_fillCenter": {
      "__type__": "cc.Vec2",
      "x": 0,
      "y": 0
    },
    "_fillStart": 0,
    "_fillRange": 0,
    "_isTrimmedMode": true,
    "_atlas": null,
    "_id": "4aLvROVVdOjZG0U0ylRH+M"
  },
  {
    "__type__": "cc.BoxCollider",
    "_name": "",
    "_objFlags": 0,
    "node": {
      "__id__": 24
    },
    "_enabled": true,
    "tag": 1,
    "_offset": {
      "__type__": "cc.Vec2",
      "x": -18,
      "y": -10.1
    },
    "_size": {
      "__type__": "cc.Size",
      "width": 358.8,
      "height": 288.7
    },
    "_id": "508kOpEP1BfoEWmnqHBlQB"
  },
  {
    "__type__": "cc.Node",
    "_name": "Rabbit",
    "_objFlags": 0,
    "_parent": {
      "__id__": 2
    },
    "_children": [
      {
        "__id__": 28
      }
    ],
    "_active": true,
    "_level": 1,
    "_components": [
      {
        "__id__": 33
      },
      {
        "__id__": 34
      },
      {
        "__id__": 35
      }
    ],
    "_prefab": null,
    "_opacity": 255,
    "_color": {
      "__type__": "cc.Color",
      "r": 255,
      "g": 255,
      "b": 255,
      "a": 255
    },
    "_contentSize": {
      "__type__": "cc.Size",
      "width": 530,
      "height": 330
    },
    "_anchorPoint": {
      "__type__": "cc.Vec2",
      "x": 0.5,
      "y": 0.05
    },
    "_position": {
      "__type__": "cc.Vec3",
      "x": 171,
      "y": -305,
      "z": 0
    },
    "_scale": {
      "__type__": "cc.Vec3",
      "x": 0.3,
      "y": 0.3,
      "z": 1
    },
    "_eulerAngles": {
      "__type__": "cc.Vec3",
      "x": 0,
      "y": 0,
      "z": 0
    },
    "_skewX": 0,
    "_skewY": 0,
    "_is3DNode": false,
    "groupIndex": 2,
    "_id": "c5ZjYhVu5CcoR8vlJ6iPWn"
  },
  {
    "__type__": "cc.Node",
    "_name": "HP",
    "_objFlags": 0,
    "_parent": {
      "__id__": 27
    },
    "_children": [
      {
        "__id__": 29
      }
    ],
    "_active": true,
    "_level": 2,
    "_components": [
      {
        "__id__": 31
      },
      {
        "__id__": 32
      }
    ],
    "_prefab": null,
    "_opacity": 255,
    "_color": {
      "__type__": "cc.Color",
      "r": 0,
      "g": 0,
      "b": 0,
      "a": 255
    },
    "_contentSize": {
      "__type__": "cc.Size",
      "width": 300,
      "height": 15
    },
    "_anchorPoint": {
      "__type__": "cc.Vec2",
      "x": 0.5,
      "y": 0.5
    },
    "_position": {
      "__type__": "cc.Vec3",
      "x": 10,
      "y": -26.666,
      "z": 0
    },
    "_scale": {
      "__type__": "cc.Vec3",
      "x": 1,
      "y": 1,
      "z": 1
    },
    "_eulerAngles": {
      "__type__": "cc.Vec3",
      "x": 0,
      "y": 0,
      "z": 0
    },
    "_skewX": 0,
    "_skewY": 0,
    "_is3DNode": false,
    "groupIndex": 0,
    "_id": "3dogrSbAhHFKzinhncxul8"
  },
  {
    "__type__": "cc.Node",
    "_name": "bar",
    "_objFlags": 0,
    "_parent": {
      "__id__": 28
    },
    "_children": [],
    "_active": true,
    "_level": 0,
    "_components": [
      {
        "__id__": 30
      }
    ],
    "_prefab": null,
    "_opacity": 255,
    "_color": {
      "__type__": "cc.Color",
      "r": 0,
      "g": 245,
      "b": 108,
      "a": 255
    },
    "_contentSize": {
      "__type__": "cc.Size",
      "width": 150,
      "height": 15
    },
    "_anchorPoint": {
      "__type__": "cc.Vec2",
      "x": 0,
      "y": 0.5
    },
    "_position": {
      "__type__": "cc.Vec3",
      "x": -150,
      "y": 0,
      "z": 0
    },
    "_scale": {
      "__type__": "cc.Vec3",
      "x": 1,
      "y": 1,
      "z": 1
    },
    "_eulerAngles": {
      "__type__": "cc.Vec3",
      "x": 0,
      "y": 0,
      "z": 0
    },
    "_skewX": 0,
    "_skewY": 0,
    "_is3DNode": false,
    "groupIndex": 0,
    "_id": "e6FrNcpyNHEY8MRH9Znedr"
  },
  {
    "__type__": "cc.Sprite",
    "_name": "",
    "_objFlags": 0,
    "node": {
      "__id__": 29
    },
    "_enabled": true,
    "_materials": [
      {
        "__uuid__": "eca5d2f2-8ef6-41c2-bbe6-f9c79d09c432"
      }
    ],
    "_srcBlendFactor": 770,
    "_dstBlendFactor": 771,
    "_spriteFrame": {
      "__uuid__": "67e68bc9-dad5-4ad9-a2d8-7e03d458e32f"
    },
    "_type": 1,
    "_sizeMode": 0,
    "_fillType": 0,
    "_fillCenter": {
      "__type__": "cc.Vec2",
      "x": 0,
      "y": 0
    },
    "_fillStart": 0,
    "_fillRange": 0,
    "_isTrimmedMode": true,
    "_atlas": null,
    "_id": "935K7bmJVLgZIMQGb0kAJN"
  },
  {
    "__type__": "cc.Sprite",
    "_name": "",
    "_objFlags": 0,
    "node": {
      "__id__": 28
    },
    "_enabled": true,
    "_materials": [
      {
        "__uuid__": "eca5d2f2-8ef6-41c2-bbe6-f9c79d09c432"
      }
    ],
    "_srcBlendFactor": 770,
    "_dstBlendFactor": 771,
    "_spriteFrame": {
      "__uuid__": "88e79fd5-96b4-4a77-a1f4-312467171014"
    },
    "_type": 1,
    "_sizeMode": 0,
    "_fillType": 0,
    "_fillCenter": {
      "__type__": "cc.Vec2",
      "x": 0,
      "y": 0
    },
    "_fillStart": 0,
    "_fillRange": 0,
    "_isTrimmedMode": true,
    "_atlas": null,
    "_id": "c8pjHiisVJ4JbcD4EGmI1r"
  },
  {
    "__type__": "cc.ProgressBar",
    "_name": "",
    "_objFlags": 0,
    "node": {
      "__id__": 28
    },
    "_enabled": true,
    "_N$totalLength": 300,
    "_N$barSprite": {
      "__id__": 30
    },
    "_N$mode": 0,
    "_N$progress": 0.5,
    "_N$reverse": false,
    "_id": "9fg3GkNHpFF72bqopgwccs"
  },
  {
    "__type__": "cc.Sprite",
    "_name": "",
    "_objFlags": 0,
    "node": {
      "__id__": 27
    },
    "_enabled": true,
    "_materials": [
      {
        "__uuid__": "eca5d2f2-8ef6-41c2-bbe6-f9c79d09c432"
      }
    ],
    "_srcBlendFactor": 770,
    "_dstBlendFactor": 771,
    "_spriteFrame": {
      "__uuid__": "be814cbc-334f-400a-b540-3d78fc27dead"
    },
    "_type": 0,
    "_sizeMode": 1,
    "_fillType": 0,
    "_fillCenter": {
      "__type__": "cc.Vec2",
      "x": 0,
      "y": 0
    },
    "_fillStart": 0,
    "_fillRange": 0,
    "_isTrimmedMode": true,
    "_atlas": null,
    "_id": "f1TqTa7rxEZq/zjFAzjSbp"
  },
  {
    "__type__": "584f43Q0CROUL4ZmIXWYrdB",
    "_name": "",
    "_objFlags": 0,
    "node": {
      "__id__": 27
    },
    "_enabled": true,
    "Hp": {
      "__id__": 32
    },
    "_decreaseHp": null,
    "_id": "93MZ5kdrFKZ5jqf8XAV6+v"
  },
  {
    "__type__": "cc.BoxCollider",
    "_name": "",
    "_objFlags": 0,
    "node": {
      "__id__": 27
    },
    "_enabled": true,
    "tag": 1,
    "_offset": {
      "__type__": "cc.Vec2",
      "x": -4.2,
      "y": 146.6
    },
    "_size": {
      "__type__": "cc.Size",
      "width": 173.3,
      "height": 330
    },
    "_id": "57vLfOtQRJeJ9an+udL0Z7"
  },
  {
    "__type__": "cc.Node",
    "_name": "SpineBoy",
    "_objFlags": 0,
    "_parent": {
      "__id__": 2
    },
    "_children": [
      {
        "__id__": 37
      }
    ],
    "_active": true,
    "_level": 1,
    "_components": [
      {
        "__id__": 44
      },
      {
        "__id__": 45
      },
      {
        "__id__": 46
      },
      {
        "__id__": 47
      },
      {
        "__id__": 48
      }
    ],
    "_prefab": null,
    "_opacity": 255,
    "_color": {
      "__type__": "cc.Color",
      "r": 255,
      "g": 255,
      "b": 255,
      "a": 255
    },
    "_contentSize": {
      "__type__": "cc.Size",
      "width": 419.76,
      "height": 686.08
    },
    "_anchorPoint": {
      "__type__": "cc.Vec2",
      "x": 0.5,
      "y": 0.5
    },
    "_position": {
      "__type__": "cc.Vec3",
      "x": -346.86,
      "y": -309.412,
      "z": 0
    },
    "_scale": {
      "__type__": "cc.Vec3",
      "x": 0.2,
      "y": 0.2,
      "z": 1
    },
    "_eulerAngles": {
      "__type__": "cc.Vec3",
      "x": 0,
      "y": 0,
      "z": 0
    },
    "_skewX": 0,
    "_skewY": 0,
    "_is3DNode": false,
    "groupIndex": 1,
    "_id": "d3J6sQJ3NAqp9+gvuWabqC"
  },
  {
    "__type__": "cc.Node",
    "_name": "Bullet",
    "_objFlags": 0,
    "_parent": {
      "__id__": 36
    },
    "_children": [
      {
        "__id__": 38
      }
    ],
    "_active": false,
    "_level": 2,
    "_components": [
      {
        "__id__": 41
      },
      {
        "__id__": 42
      }
    ],
    "_prefab": {
      "__id__": 43
    },
    "_opacity": 255,
    "_color": {
      "__type__": "cc.Color",
      "r": 255,
      "g": 255,
      "b": 255,
      "a": 255
    },
    "_contentSize": {
      "__type__": "cc.Size",
      "width": 233,
      "height": 134
    },
    "_anchorPoint": {
      "__type__": "cc.Vec2",
      "x": 0.5,
      "y": 0.5
    },
    "_position": {
      "__type__": "cc.Vec3",
      "x": 538.5329999999999,
      "y": 279.62199999999996,
      "z": 0
    },
    "_scale": {
      "__type__": "cc.Vec3",
      "x": 2.5,
      "y": 4,
      "z": 0.5
    },
    "_eulerAngles": {
      "__type__": "cc.Vec3",
      "x": 0,
      "y": 0,
      "z": 0
    },
    "_skewX": 0,
    "_skewY": 0,
    "_is3DNode": false,
    "groupIndex": 1,
    "_id": "7fgOlMwNNMG6dgWLXxsB7U"
  },
  {
    "__type__": "cc.Node",
    "_name": "New Particle",
    "_objFlags": 0,
    "_parent": {
      "__id__": 37
    },
    "_children": [],
    "_active": true,
    "_level": 3,
    "_components": [
      {
        "__id__": 39
      }
    ],
    "_prefab": {
      "__id__": 40
    },
    "_opacity": 255,
    "_color": {
      "__type__": "cc.Color",
      "r": 255,
      "g": 255,
      "b": 255,
      "a": 255
    },
    "_contentSize": {
      "__type__": "cc.Size",
      "width": 0,
      "height": 0
    },
    "_anchorPoint": {
      "__type__": "cc.Vec2",
      "x": 0.5,
      "y": 0.5
    },
    "_position": {
      "__type__": "cc.Vec3",
      "x": 98.026,
      "y": 0,
      "z": 0
    },
    "_scale": {
      "__type__": "cc.Vec3",
      "x": 1,
      "y": 1,
      "z": 1
    },
    "_eulerAngles": {
      "__type__": "cc.Vec3",
      "x": 0,
      "y": 0,
      "z": 0
    },
    "_skewX": 0,
    "_skewY": 0,
    "_is3DNode": false,
    "groupIndex": 0,
    "_id": "015yQ6GgFI1ZWw/sOkiOX8"
  },
  {
    "__type__": "cc.ParticleSystem",
    "_name": "",
    "_objFlags": 0,
    "node": {
      "__id__": 38
    },
    "_enabled": true,
    "_materials": [
      {
        "__uuid__": "eca5d2f2-8ef6-41c2-bbe6-f9c79d09c432"
      }
    ],
    "_srcBlendFactor": 770,
    "_dstBlendFactor": 1,
    "_custom": true,
    "_file": {
      "__uuid__": "b8223619-7e38-47c4-841f-9160c232495a"
    },
    "_spriteFrame": {
      "__uuid__": "bb42ed8e-0867-4584-ad63-b6f84f83bba8"
    },
    "_texture": {
      "__uuid__": "8a96b965-2dc0-4e03-aa90-3b79cb93b5b4"
    },
    "_stopped": true,
    "playOnLoad": true,
    "autoRemoveOnFinish": false,
    "totalParticles": 200,
    "duration": -1,
    "emissionRate": 500,
    "life": 10,
    "lifeVar": 10,
    "_startColor": {
      "__type__": "cc.Color",
      "r": 245,
      "g": 0,
      "b": 255,
      "a": 163
    },
    "_startColorVar": {
      "__type__": "cc.Color",
      "r": 0,
      "g": 0,
      "b": 0,
      "a": 198
    },
    "_endColor": {
      "__type__": "cc.Color",
      "r": 255,
      "g": 255,
      "b": 255,
      "a": 214
    },
    "_endColorVar": {
      "__type__": "cc.Color",
      "r": 0,
      "g": 0,
      "b": 0,
      "a": 188
    },
    "angle": 180,
    "angleVar": 180,
    "startSize": 20,
    "startSizeVar": 30,
    "endSize": 30.31999969482422,
    "endSizeVar": 0,
    "startSpin": -47.369998931884766,
    "startSpinVar": 0,
    "endSpin": -47.369998931884766,
    "endSpinVar": -142.11000061035156,
    "sourcePos": {
      "__type__": "cc.Vec2",
      "x": 0,
      "y": 0
    },
    "posVar": {
      "__type__": "cc.Vec2",
      "x": 7,
      "y": 7
    },
    "_positionType": 1,
    "positionType": 1,
    "emitterMode": 0,
    "gravity": {
      "__type__": "cc.Vec2",
      "x": 0.25,
      "y": 0.8600000143051147
    },
    "speed": 1000,
    "speedVar": 0,
    "tangentialAccel": -92.11000061035156,
    "tangentialAccelVar": 65.79000091552734,
    "radialAccel": -671.0499877929688,
    "radialAccelVar": 65.79000091552734,
    "rotationIsDir": false,
    "startRadius": 0,
    "startRadiusVar": 0,
    "endRadius": 0,
    "endRadiusVar": 0,
    "rotatePerS": 0,
    "rotatePerSVar": 0,
    "_N$preview": true,
    "_id": "48djQvwlJCBKNiURMGkl84"
  },
  {
    "__type__": "cc.PrefabInfo",
    "root": {
      "__id__": 37
    },
    "asset": {
      "__uuid__": "518e7d7d-6500-48ab-9754-9782528ce480"
    },
    "fileId": "015yQ6GgFI1ZWw/sOkiOX8",
    "sync": false
  },
  {
    "__type__": "cc.Sprite",
    "_name": "",
    "_objFlags": 0,
    "node": {
      "__id__": 37
    },
    "_enabled": true,
    "_materials": [
      {
        "__uuid__": "eca5d2f2-8ef6-41c2-bbe6-f9c79d09c432"
      }
    ],
    "_srcBlendFactor": 770,
    "_dstBlendFactor": 771,
    "_spriteFrame": {
      "__uuid__": "14a68855-6962-4ea3-8640-ad9519baf146"
    },
    "_type": 0,
    "_sizeMode": 1,
    "_fillType": 0,
    "_fillCenter": {
      "__type__": "cc.Vec2",
      "x": 0,
      "y": 0
    },
    "_fillStart": 0,
    "_fillRange": 0,
    "_isTrimmedMode": true,
    "_atlas": null,
    "_id": "9fWKgZG4FES6HzZVUV4e6c"
  },
  {
    "__type__": "cc.BoxCollider",
    "_name": "",
    "_objFlags": 0,
    "node": {
      "__id__": 37
    },
    "_enabled": true,
    "tag": 0,
    "_offset": {
      "__type__": "cc.Vec2",
      "x": -6.7,
      "y": 1.4
    },
    "_size": {
      "__type__": "cc.Size",
      "width": 190,
      "height": 79.3
    },
    "_id": "dfnESCSyBIpapkr+WrGD0S"
  },
  {
    "__type__": "cc.PrefabInfo",
    "root": {
      "__id__": 37
    },
    "asset": {
      "__uuid__": "518e7d7d-6500-48ab-9754-9782528ce480"
    },
    "fileId": "7fgOlMwNNMG6dgWLXxsB7U",
    "sync": false
  },
  {
    "__type__": "sp.Skeleton",
    "_name": "",
    "_objFlags": 0,
    "node": {
      "__id__": 36
    },
    "_enabled": true,
    "_materials": [
      {
        "__uuid__": "7afd064b-113f-480e-b793-8817d19f63c3"
      }
    ],
    "paused": false,
    "defaultSkin": "",
    "defaultAnimation": "",
    "_preCacheMode": 0,
    "_cacheMode": 0,
    "loop": false,
    "premultipliedAlpha": true,
    "timeScale": 1,
    "_accTime": 0,
    "_playCount": 0,
    "_frameCache": null,
    "_curFrame": null,
    "_skeletonCache": null,
    "_animationName": "idle-shoot",
    "_animationQueue": [],
    "_headAniInfo": null,
    "_playTimes": 1,
    "_isAniComplete": true,
    "_N$skeletonData": {
      "__uuid__": "ba6ed34b-56c2-4330-833f-c01511cbd099"
    },
    "_N$_defaultCacheMode": 0,
    "_N$debugSlots": false,
    "_N$debugBones": false,
    "_N$useTint": false,
    "_N$enableBatch": false,
    "_id": "20UChfrPRGSbt1jKR4dmSW"
  },
  {
    "__type__": "c113189MsBD15CsBcbcrkMY",
    "_name": "",
    "_objFlags": 0,
    "node": {
      "__id__": 36
    },
    "_enabled": true,
    "_flag": false,
    "_id": "10Z8MVJJ9F06PCjo9orWa1"
  },
  {
    "__type__": "9b28ffIUXRINaX4xYH+BqEr",
    "_name": "",
    "_objFlags": 0,
    "node": {
      "__id__": 36
    },
    "_enabled": true,
    "Skeleton": {
      "__id__": 44
    },
    "Bullet": {
      "__uuid__": "518e7d7d-6500-48ab-9754-9782528ce480"
    },
    "_jump": null,
    "_slide": null,
    "_moveLeft": null,
    "_moveRight": null,
    "_shoot": null,
    "_flag": false,
    "_id": "c9ijVmplNCkIQuILWv3XMw"
  },
  {
    "__type__": "cc.BoxCollider",
    "_name": "",
    "_objFlags": 0,
    "node": {
      "__id__": 36
    },
    "_enabled": true,
    "tag": 1,
    "_offset": {
      "__type__": "cc.Vec2",
      "x": -46.7,
      "y": 340.6
    },
    "_size": {
      "__type__": "cc.Size",
      "width": 310.4,
      "height": 683.7
    },
    "_id": "43j5tmeU5N14v7MyUep9kM"
  },
  {
    "__type__": "6e1e63+uYdNbavegsW2rKOZ",
    "_name": "",
    "_objFlags": 0,
    "node": {
      "__id__": 36
    },
    "_enabled": true,
    "winLayout": {
      "__id__": 11
    },
    "loseLayout": {
      "__id__": 49
    },
    "_flag": false,
    "_id": "88QwT7eJJPUZwRdyKZmQd+"
  },
  {
    "__type__": "cc.Layout",
    "_name": "",
    "_objFlags": 0,
    "node": {
      "__id__": 50
    },
    "_enabled": true,
    "_layoutSize": {
      "__type__": "cc.Size",
      "width": 1000,
      "height": 800
    },
    "_resize": 0,
    "_N$layoutType": 0,
    "_N$padding": 0,
    "_N$cellSize": {
      "__type__": "cc.Size",
      "width": 40,
      "height": 40
    },
    "_N$startAxis": 0,
    "_N$paddingLeft": 0,
    "_N$paddingRight": 0,
    "_N$paddingTop": 0,
    "_N$paddingBottom": 0,
    "_N$spacingX": 0,
    "_N$spacingY": 0,
    "_N$verticalDirection": 1,
    "_N$horizontalDirection": 0,
    "_N$affectedByScale": false,
    "_id": "9cYYFtZlhOKavW/1+MrJc1"
  },
  {
    "__type__": "cc.Node",
    "_name": "LoseLayout",
    "_objFlags": 0,
    "_parent": {
      "__id__": 2
    },
    "_children": [
      {
        "__id__": 51
      },
      {
        "__id__": 53
      }
    ],
    "_active": false,
    "_level": 2,
    "_components": [
      {
        "__id__": 59
      },
      {
        "__id__": 49
      }
    ],
    "_prefab": null,
    "_opacity": 155,
    "_color": {
      "__type__": "cc.Color",
      "r": 15,
      "g": 15,
      "b": 15,
      "a": 255
    },
    "_contentSize": {
      "__type__": "cc.Size",
      "width": 2000,
      "height": 1000
    },
    "_anchorPoint": {
      "__type__": "cc.Vec2",
      "x": 0.5,
      "y": 0.5
    },
    "_position": {
      "__type__": "cc.Vec3",
      "x": 0,
      "y": 0,
      "z": 0
    },
    "_scale": {
      "__type__": "cc.Vec3",
      "x": 1,
      "y": 1,
      "z": 1
    },
    "_eulerAngles": {
      "__type__": "cc.Vec3",
      "x": 0,
      "y": 0,
      "z": 0
    },
    "_skewX": 0,
    "_skewY": 0,
    "_is3DNode": false,
    "groupIndex": 0,
    "_id": "42L6T0ugJJEryeN7g8Lnya"
  },
  {
    "__type__": "cc.Node",
    "_name": "New Particle",
    "_objFlags": 0,
    "_parent": {
      "__id__": 50
    },
    "_children": [],
    "_active": true,
    "_level": 3,
    "_components": [
      {
        "__id__": 52
      }
    ],
    "_prefab": null,
    "_opacity": 255,
    "_color": {
      "__type__": "cc.Color",
      "r": 255,
      "g": 255,
      "b": 255,
      "a": 255
    },
    "_contentSize": {
      "__type__": "cc.Size",
      "width": 0,
      "height": 0
    },
    "_anchorPoint": {
      "__type__": "cc.Vec2",
      "x": 0.5,
      "y": 0.5
    },
    "_position": {
      "__type__": "cc.Vec3",
      "x": 0,
      "y": 0,
      "z": 0
    },
    "_scale": {
      "__type__": "cc.Vec3",
      "x": 1,
      "y": 1,
      "z": 1
    },
    "_eulerAngles": {
      "__type__": "cc.Vec3",
      "x": 0,
      "y": 0,
      "z": 0
    },
    "_skewX": 0,
    "_skewY": 0,
    "_is3DNode": false,
    "groupIndex": 0,
    "_id": "c6gGIeumJDYZ6ANWwxphYe"
  },
  {
    "__type__": "cc.ParticleSystem",
    "_name": "",
    "_objFlags": 0,
    "node": {
      "__id__": 51
    },
    "_enabled": true,
    "_materials": [
      {
        "__uuid__": "eca5d2f2-8ef6-41c2-bbe6-f9c79d09c432"
      }
    ],
    "_srcBlendFactor": 770,
    "_dstBlendFactor": 771,
    "_custom": false,
    "_file": {
      "__uuid__": "464f26c7-815b-499b-960c-540257dae105"
    },
    "_spriteFrame": {
      "__uuid__": "472df5d3-35e7-4184-9e6c-7f41bee65ee3"
    },
    "_texture": null,
    "_stopped": true,
    "playOnLoad": true,
    "autoRemoveOnFinish": false,
    "totalParticles": 218,
    "duration": -1,
    "emissionRate": 311.42857142857144,
    "life": 0.7,
    "lifeVar": 0,
    "_startColor": {
      "__type__": "cc.Color",
      "r": 255,
      "g": 255,
      "b": 255,
      "a": 86
    },
    "_startColorVar": {
      "__type__": "cc.Color",
      "r": 0,
      "g": 0,
      "b": 51,
      "a": 51
    },
    "_endColor": {
      "__type__": "cc.Color",
      "r": 0,
      "g": 0,
      "b": 0,
      "a": 255
    },
    "_endColorVar": {
      "__type__": "cc.Color",
      "r": 0,
      "g": 0,
      "b": 0,
      "a": 0
    },
    "angle": -109,
    "angleVar": 4,
    "startSize": 115,
    "startSizeVar": 2,
    "endSize": 16,
    "endSizeVar": 0,
    "startSpin": 0,
    "startSpinVar": 0,
    "endSpin": 0,
    "endSpinVar": 0,
    "sourcePos": {
      "__type__": "cc.Vec2",
      "x": 0,
      "y": 0
    },
    "posVar": {
      "__type__": "cc.Vec2",
      "x": 800,
      "y": 800
    },
    "_positionType": 1,
    "positionType": 1,
    "emitterMode": 0,
    "gravity": {
      "__type__": "cc.Vec2",
      "x": 0,
      "y": 40
    },
    "speed": 600,
    "speedVar": 39,
    "tangentialAccel": 0,
    "tangentialAccelVar": 0,
    "radialAccel": 0,
    "radialAccelVar": 0,
    "rotationIsDir": false,
    "startRadius": 0,
    "startRadiusVar": 0,
    "endRadius": 0,
    "endRadiusVar": 0,
    "rotatePerS": 0,
    "rotatePerSVar": 0,
    "_N$preview": true,
    "_id": "cfsodWjo9IOZVvj3FomwHD"
  },
  {
    "__type__": "cc.Node",
    "_name": "New RichText",
    "_objFlags": 0,
    "_parent": {
      "__id__": 50
    },
    "_children": [
      {
        "__id__": 54
      },
      {
        "__id__": 56
      }
    ],
    "_active": true,
    "_level": 3,
    "_components": [
      {
        "__id__": 58
      }
    ],
    "_prefab": null,
    "_opacity": 255,
    "_color": {
      "__type__": "cc.Color",
      "r": 0,
      "g": 0,
      "b": 0,
      "a": 255
    },
    "_contentSize": {
      "__type__": "cc.Size",
      "width": 169.51999999999998,
      "height": 63
    },
    "_anchorPoint": {
      "__type__": "cc.Vec2",
      "x": 0.5,
      "y": 0.5
    },
    "_position": {
      "__type__": "cc.Vec3",
      "x": 0,
      "y": 0,
      "z": 0
    },
    "_scale": {
      "__type__": "cc.Vec3",
      "x": 2.081,
      "y": 2.081,
      "z": 2.081
    },
    "_eulerAngles": {
      "__type__": "cc.Vec3",
      "x": 0,
      "y": 0,
      "z": 0
    },
    "_skewX": 0,
    "_skewY": 0,
    "_is3DNode": false,
    "groupIndex": 0,
    "_id": "30X6b88EpAbqJ8iRyIHnSz"
  },
  {
    "__type__": "cc.PrivateNode",
    "_name": "RICHTEXT_CHILD",
    "_objFlags": 1024,
    "_parent": {
      "__id__": 53
    },
    "_children": [],
    "_active": false,
    "_level": 4,
    "_components": [
      {
        "__id__": 55
      }
    ],
    "_prefab": null,
    "_opacity": 255,
    "_color": {
      "__type__": "cc.Color",
      "r": 0,
      "g": 0,
      "b": 0,
      "a": 255
    },
    "_contentSize": {
      "__type__": "cc.Size",
      "width": 87.8,
      "height": 63
    },
    "_anchorPoint": {
      "__type__": "cc.Vec2",
      "x": 0,
      "y": 0
    },
    "_position": {
      "__type__": "cc.Vec3",
      "x": -84.75999999999999,
      "y": -31.5,
      "z": 0
    },
    "_scale": {
      "__type__": "cc.Vec3",
      "x": 1,
      "y": 1,
      "z": 1
    },
    "_eulerAngles": {
      "__type__": "cc.Vec3",
      "x": 0,
      "y": 0,
      "z": 0
    },
    "_skewX": 0,
    "_skewY": 0,
    "_is3DNode": false,
    "groupIndex": 0,
    "showInEditor": false,
    "_id": "03TCffAY1FXpRMWW1Qlnzg"
  },
  {
    "__type__": "cc.Label",
    "_name": "",
    "_objFlags": 0,
    "node": {
      "__id__": 54
    },
    "_enabled": true,
    "_materials": [
      {
        "__uuid__": "eca5d2f2-8ef6-41c2-bbe6-f9c79d09c432"
      }
    ],
    "_useOriginalSize": true,
    "_string": "Game",
    "_N$string": "Game",
    "_fontSize": 40,
    "_lineHeight": 50,
    "_enableWrapText": true,
    "_N$file": {
      "__uuid__": "37a1309d-2a1a-4640-8fc3-49af03d17a25"
    },
    "_isSystemFontUsed": false,
    "_spacingX": 0,
    "_batchAsBitmap": false,
    "_N$horizontalAlign": 0,
    "_N$verticalAlign": 1,
    "_N$fontFamily": "Arial",
    "_N$overflow": 0,
    "_N$cacheMode": 0,
    "_id": "cb2TtbtJ1OIbG3g0MfeOYX"
  },
  {
    "__type__": "cc.PrivateNode",
    "_name": "RICHTEXT_CHILD",
    "_objFlags": 1024,
    "_parent": {
      "__id__": 53
    },
    "_children": [],
    "_active": false,
    "_level": 4,
    "_components": [
      {
        "__id__": 57
      }
    ],
    "_prefab": null,
    "_opacity": 255,
    "_color": {
      "__type__": "cc.Color",
      "r": 0,
      "g": 0,
      "b": 0,
      "a": 255
    },
    "_contentSize": {
      "__type__": "cc.Size",
      "width": 81.72,
      "height": 63
    },
    "_anchorPoint": {
      "__type__": "cc.Vec2",
      "x": 0,
      "y": 0
    },
    "_position": {
      "__type__": "cc.Vec3",
      "x": 3.0400000000000063,
      "y": -31.5,
      "z": 0
    },
    "_scale": {
      "__type__": "cc.Vec3",
      "x": 1,
      "y": 1,
      "z": 1
    },
    "_eulerAngles": {
      "__type__": "cc.Vec3",
      "x": 0,
      "y": 0,
      "z": 0
    },
    "_skewX": 0,
    "_skewY": 0,
    "_is3DNode": false,
    "groupIndex": 0,
    "showInEditor": false,
    "_id": "86Jux5+RtBsIyxDU0LPBws"
  },
  {
    "__type__": "cc.Label",
    "_name": "",
    "_objFlags": 0,
    "node": {
      "__id__": 56
    },
    "_enabled": true,
    "_materials": [
      {
        "__uuid__": "eca5d2f2-8ef6-41c2-bbe6-f9c79d09c432"
      }
    ],
    "_useOriginalSize": true,
    "_string": "Lose",
    "_N$string": "Lose",
    "_fontSize": 40,
    "_lineHeight": 50,
    "_enableWrapText": true,
    "_N$file": {
      "__uuid__": "37a1309d-2a1a-4640-8fc3-49af03d17a25"
    },
    "_isSystemFontUsed": false,
    "_spacingX": 0,
    "_batchAsBitmap": false,
    "_N$horizontalAlign": 0,
    "_N$verticalAlign": 1,
    "_N$fontFamily": "Arial",
    "_N$overflow": 0,
    "_N$cacheMode": 0,
    "_id": "56w59KL3dIXrrrXEKfs758"
  },
  {
    "__type__": "cc.RichText",
    "_name": "",
    "_objFlags": 0,
    "node": {
      "__id__": 53
    },
    "_enabled": true,
    "_fontFamily": "Arial",
    "_isSystemFontUsed": false,
    "_N$string": "<color=#00000>Game</c><color=#00000>Lose</color>",
    "_N$horizontalAlign": 0,
    "_N$fontSize": 40,
    "_N$font": {
      "__uuid__": "37a1309d-2a1a-4640-8fc3-49af03d17a25"
    },
    "_N$maxWidth": 0,
    "_N$lineHeight": 50,
    "_N$imageAtlas": null,
    "_N$handleTouchEvent": true,
    "_id": "98BKuXCnZJ8JwzHygO5t2z"
  },
  {
    "__type__": "cc.Sprite",
    "_name": "",
    "_objFlags": 0,
    "node": {
      "__id__": 50
    },
    "_enabled": true,
    "_materials": [
      {
        "__uuid__": "eca5d2f2-8ef6-41c2-bbe6-f9c79d09c432"
      }
    ],
    "_srcBlendFactor": 770,
    "_dstBlendFactor": 771,
    "_spriteFrame": {
      "__uuid__": "9bbda31e-ad49-43c9-aaf2-f7d9896bac69"
    },
    "_type": 1,
    "_sizeMode": 0,
    "_fillType": 2,
    "_fillCenter": {
      "__type__": "cc.Vec2",
      "x": 0,
      "y": 0
    },
    "_fillStart": 0,
    "_fillRange": 0,
    "_isTrimmedMode": true,
    "_atlas": null,
    "_id": "726bvn3XVDvI8l4jBOPe3y"
  },
  {
    "__type__": "cc.Node",
    "_name": "StartLayout",
    "_objFlags": 0,
    "_parent": {
      "__id__": 2
    },
    "_children": [],
    "_active": true,
    "_level": 2,
    "_components": [
      {
        "__id__": 61
      },
      {
        "__id__": 62
      },
      {
        "__id__": 63
      }
    ],
    "_prefab": null,
    "_opacity": 255,
    "_color": {
      "__type__": "cc.Color",
      "r": 255,
      "g": 255,
      "b": 255,
      "a": 255
    },
    "_contentSize": {
      "__type__": "cc.Size",
      "width": 200,
      "height": 150
    },
    "_anchorPoint": {
      "__type__": "cc.Vec2",
      "x": 0.5,
      "y": 0.5
    },
    "_position": {
      "__type__": "cc.Vec3",
      "x": -576.695,
      "y": -0.353,
      "z": 0
    },
    "_scale": {
      "__type__": "cc.Vec3",
      "x": 0.01,
      "y": 4.284,
      "z": 0.625
    },
    "_eulerAngles": {
      "__type__": "cc.Vec3",
      "x": 0,
      "y": 0,
      "z": 0
    },
    "_skewX": 0,
    "_skewY": 0,
    "_is3DNode": false,
    "groupIndex": 1,
    "_id": "50OW9EPXNKI6dr+z7aNRba"
  },
  {
    "__type__": "cc.Sprite",
    "_name": "",
    "_objFlags": 0,
    "node": {
      "__id__": 60
    },
    "_enabled": true,
    "_materials": [
      {
        "__uuid__": "eca5d2f2-8ef6-41c2-bbe6-f9c79d09c432"
      }
    ],
    "_srcBlendFactor": 770,
    "_dstBlendFactor": 771,
    "_spriteFrame": {
      "__uuid__": "9bbda31e-ad49-43c9-aaf2-f7d9896bac69"
    },
    "_type": 1,
    "_sizeMode": 0,
    "_fillType": 0,
    "_fillCenter": {
      "__type__": "cc.Vec2",
      "x": 0,
      "y": 0
    },
    "_fillStart": 0,
    "_fillRange": 0,
    "_isTrimmedMode": true,
    "_atlas": null,
    "_id": "60nfWICdlM2ouYR5809jVV"
  },
  {
    "__type__": "cc.Layout",
    "_name": "",
    "_objFlags": 0,
    "node": {
      "__id__": 60
    },
    "_enabled": true,
    "_layoutSize": {
      "__type__": "cc.Size",
      "width": 200,
      "height": 150
    },
    "_resize": 0,
    "_N$layoutType": 0,
    "_N$padding": 0,
    "_N$cellSize": {
      "__type__": "cc.Size",
      "width": 40,
      "height": 40
    },
    "_N$startAxis": 0,
    "_N$paddingLeft": 0,
    "_N$paddingRight": 0,
    "_N$paddingTop": 0,
    "_N$paddingBottom": 0,
    "_N$spacingX": 0,
    "_N$spacingY": 0,
    "_N$verticalDirection": 1,
    "_N$horizontalDirection": 0,
    "_N$affectedByScale": false,
    "_id": "fd30l6w01OJ62BvfJ/vE/y"
  },
  {
    "__type__": "cc.BoxCollider",
    "_name": "",
    "_objFlags": 0,
    "node": {
      "__id__": 60
    },
    "_enabled": true,
    "tag": 0,
    "_offset": {
      "__type__": "cc.Vec2",
      "x": 0,
      "y": 0
    },
    "_size": {
      "__type__": "cc.Size",
      "width": 200,
      "height": 150
    },
    "_id": "c58Z98G4hBybCuaKnC4XJ6"
  },
  {
    "__type__": "cc.Node",
    "_name": "EndLayout",
    "_objFlags": 0,
    "_parent": {
      "__id__": 2
    },
    "_children": [],
    "_active": true,
    "_level": 2,
    "_components": [
      {
        "__id__": 65
      },
      {
        "__id__": 66
      },
      {
        "__id__": 67
      }
    ],
    "_prefab": null,
    "_opacity": 255,
    "_color": {
      "__type__": "cc.Color",
      "r": 255,
      "g": 255,
      "b": 255,
      "a": 255
    },
    "_contentSize": {
      "__type__": "cc.Size",
      "width": 200,
      "height": 150
    },
    "_anchorPoint": {
      "__type__": "cc.Vec2",
      "x": 0.5,
      "y": 0.5
    },
    "_position": {
      "__type__": "cc.Vec3",
      "x": 587.275,
      "y": 3.334,
      "z": 0
    },
    "_scale": {
      "__type__": "cc.Vec3",
      "x": 0.01,
      "y": 4.284,
      "z": 0.625
    },
    "_eulerAngles": {
      "__type__": "cc.Vec3",
      "x": 0,
      "y": 0,
      "z": 0
    },
    "_skewX": 0,
    "_skewY": 0,
    "_is3DNode": false,
    "groupIndex": 1,
    "_id": "d8P+DmG/RDAbLWH0DPXDQ5"
  },
  {
    "__type__": "cc.Sprite",
    "_name": "",
    "_objFlags": 0,
    "node": {
      "__id__": 64
    },
    "_enabled": true,
    "_materials": [
      {
        "__uuid__": "eca5d2f2-8ef6-41c2-bbe6-f9c79d09c432"
      }
    ],
    "_srcBlendFactor": 770,
    "_dstBlendFactor": 771,
    "_spriteFrame": {
      "__uuid__": "9bbda31e-ad49-43c9-aaf2-f7d9896bac69"
    },
    "_type": 1,
    "_sizeMode": 0,
    "_fillType": 0,
    "_fillCenter": {
      "__type__": "cc.Vec2",
      "x": 0,
      "y": 0
    },
    "_fillStart": 0,
    "_fillRange": 0,
    "_isTrimmedMode": true,
    "_atlas": null,
    "_id": "00lFCwD1dLYYEDwJh24ZFf"
  },
  {
    "__type__": "cc.Layout",
    "_name": "",
    "_objFlags": 0,
    "node": {
      "__id__": 64
    },
    "_enabled": true,
    "_layoutSize": {
      "__type__": "cc.Size",
      "width": 200,
      "height": 150
    },
    "_resize": 0,
    "_N$layoutType": 0,
    "_N$padding": 0,
    "_N$cellSize": {
      "__type__": "cc.Size",
      "width": 40,
      "height": 40
    },
    "_N$startAxis": 0,
    "_N$paddingLeft": 0,
    "_N$paddingRight": 0,
    "_N$paddingTop": 0,
    "_N$paddingBottom": 0,
    "_N$spacingX": 0,
    "_N$spacingY": 0,
    "_N$verticalDirection": 1,
    "_N$horizontalDirection": 0,
    "_N$affectedByScale": false,
    "_id": "c5/HmpX49HRYy25JcAFiNs"
  },
  {
    "__type__": "cc.BoxCollider",
    "_name": "",
    "_objFlags": 0,
    "node": {
      "__id__": 64
    },
    "_enabled": true,
    "tag": 0,
    "_offset": {
      "__type__": "cc.Vec2",
      "x": 0,
      "y": 0
    },
    "_size": {
      "__type__": "cc.Size",
      "width": 200,
      "height": 150
    },
    "_id": "dd76XqyUJGFoLaXTQMgfOo"
  },
  {
    "__type__": "cc.Node",
    "_name": "ScoreBoard",
    "_objFlags": 0,
    "_parent": {
      "__id__": 2
    },
    "_children": [
      {
        "__id__": 69
      }
    ],
    "_active": true,
    "_level": 2,
    "_components": [
      {
        "__id__": 75
      },
      {
        "__id__": 76
      }
    ],
    "_prefab": null,
    "_opacity": 200,
    "_color": {
      "__type__": "cc.Color",
      "r": 255,
      "g": 255,
      "b": 255,
      "a": 255
    },
    "_contentSize": {
      "__type__": "cc.Size",
      "width": 400,
      "height": 212
    },
    "_anchorPoint": {
      "__type__": "cc.Vec2",
      "x": 0.5,
      "y": 0.5
    },
    "_position": {
      "__type__": "cc.Vec3",
      "x": 4.064,
      "y": 267.358,
      "z": 0
    },
    "_scale": {
      "__type__": "cc.Vec3",
      "x": 0.512,
      "y": 0.542,
      "z": 0.512
    },
    "_eulerAngles": {
      "__type__": "cc.Vec3",
      "x": 0,
      "y": 0,
      "z": 0
    },
    "_skewX": 0,
    "_skewY": 0,
    "_is3DNode": false,
    "groupIndex": 0,
    "_id": "7dk1ymx8dH+oxu3J6dyqoJ"
  },
  {
    "__type__": "cc.Node",
    "_name": "score",
    "_objFlags": 0,
    "_parent": {
      "__id__": 68
    },
    "_children": [
      {
        "__id__": 70
      },
      {
        "__id__": 72
      }
    ],
    "_active": true,
    "_level": 3,
    "_components": [
      {
        "__id__": 74
      }
    ],
    "_prefab": null,
    "_opacity": 255,
    "_color": {
      "__type__": "cc.Color",
      "r": 255,
      "g": 255,
      "b": 255,
      "a": 255
    },
    "_contentSize": {
      "__type__": "cc.Size",
      "width": 155.4,
      "height": 63
    },
    "_anchorPoint": {
      "__type__": "cc.Vec2",
      "x": 0.5,
      "y": 0.5
    },
    "_position": {
      "__type__": "cc.Vec3",
      "x": 3.38477,
      "y": 41.2417,
      "z": 0
    },
    "_scale": {
      "__type__": "cc.Vec3",
      "x": 1.41797,
      "y": 1.33948,
      "z": 1.41797
    },
    "_eulerAngles": {
      "__type__": "cc.Vec3",
      "x": 0,
      "y": 0,
      "z": 0
    },
    "_skewX": 0,
    "_skewY": 0,
    "_is3DNode": false,
    "groupIndex": 0,
    "_id": "2723A8MxdIhJEeykarysVB"
  },
  {
    "__type__": "cc.PrivateNode",
    "_name": "RICHTEXT_CHILD",
    "_objFlags": 1024,
    "_parent": {
      "__id__": 69
    },
    "_children": [],
    "_active": true,
    "_level": 4,
    "_components": [
      {
        "__id__": 71
      }
    ],
    "_prefab": null,
    "_opacity": 255,
    "_color": {
      "__type__": "cc.Color",
      "r": 0,
      "g": 255,
      "b": 0,
      "a": 255
    },
    "_contentSize": {
      "__type__": "cc.Size",
      "width": 69.68,
      "height": 63
    },
    "_anchorPoint": {
      "__type__": "cc.Vec2",
      "x": 0,
      "y": 0
    },
    "_position": {
      "__type__": "cc.Vec3",
      "x": -77.7,
      "y": -31.5,
      "z": 0
    },
    "_scale": {
      "__type__": "cc.Vec3",
      "x": 1,
      "y": 1,
      "z": 1
    },
    "_eulerAngles": {
      "__type__": "cc.Vec3",
      "x": 0,
      "y": 0,
      "z": 0
    },
    "_skewX": 0,
    "_skewY": 0,
    "_is3DNode": false,
    "groupIndex": 0,
    "showInEditor": false,
    "_id": "a4bGNJwglAZoyyZDpOnjW2"
  },
  {
    "__type__": "cc.Label",
    "_name": "",
    "_objFlags": 0,
    "node": {
      "__id__": 70
    },
    "_enabled": true,
    "_materials": [
      {
        "__uuid__": "eca5d2f2-8ef6-41c2-bbe6-f9c79d09c432"
      }
    ],
    "_useOriginalSize": true,
    "_string": "Rich",
    "_N$string": "Rich",
    "_fontSize": 40,
    "_lineHeight": 50,
    "_enableWrapText": true,
    "_N$file": {
      "__uuid__": "37a1309d-2a1a-4640-8fc3-49af03d17a25"
    },
    "_isSystemFontUsed": false,
    "_spacingX": 0,
    "_batchAsBitmap": false,
    "_N$horizontalAlign": 0,
    "_N$verticalAlign": 1,
    "_N$fontFamily": "Arial",
    "_N$overflow": 0,
    "_N$cacheMode": 0,
    "_id": "edifWeW3ZH/4fSULRHDS3l"
  },
  {
    "__type__": "cc.PrivateNode",
    "_name": "RICHTEXT_CHILD",
    "_objFlags": 1024,
    "_parent": {
      "__id__": 69
    },
    "_children": [],
    "_active": true,
    "_level": 4,
    "_components": [
      {
        "__id__": 73
      }
    ],
    "_prefab": null,
    "_opacity": 255,
    "_color": {
      "__type__": "cc.Color",
      "r": 15,
      "g": 255,
      "b": 255,
      "a": 255
    },
    "_contentSize": {
      "__type__": "cc.Size",
      "width": 85.72,
      "height": 63
    },
    "_anchorPoint": {
      "__type__": "cc.Vec2",
      "x": 0,
      "y": 0
    },
    "_position": {
      "__type__": "cc.Vec3",
      "x": -8.019999999999996,
      "y": -31.5,
      "z": 0
    },
    "_scale": {
      "__type__": "cc.Vec3",
      "x": 1,
      "y": 1,
      "z": 1
    },
    "_eulerAngles": {
      "__type__": "cc.Vec3",
      "x": 0,
      "y": 0,
      "z": 0
    },
    "_skewX": 0,
    "_skewY": 0,
    "_is3DNode": false,
    "groupIndex": 0,
    "showInEditor": false,
    "_id": "ff4XP2GrFNKpWKonXdYzAt"
  },
  {
    "__type__": "cc.Label",
    "_name": "",
    "_objFlags": 0,
    "node": {
      "__id__": 72
    },
    "_enabled": true,
    "_materials": [
      {
        "__uuid__": "eca5d2f2-8ef6-41c2-bbe6-f9c79d09c432"
      }
    ],
    "_useOriginalSize": true,
    "_string": "Text",
    "_N$string": "Text",
    "_fontSize": 40,
    "_lineHeight": 50,
    "_enableWrapText": true,
    "_N$file": {
      "__uuid__": "37a1309d-2a1a-4640-8fc3-49af03d17a25"
    },
    "_isSystemFontUsed": false,
    "_spacingX": 0,
    "_batchAsBitmap": false,
    "_N$horizontalAlign": 0,
    "_N$verticalAlign": 1,
    "_N$fontFamily": "Arial",
    "_N$overflow": 0,
    "_N$cacheMode": 0,
    "_id": "6dSzLrkCBIg6pEDUGZYduz"
  },
  {
    "__type__": "cc.RichText",
    "_name": "",
    "_objFlags": 0,
    "node": {
      "__id__": 69
    },
    "_enabled": true,
    "_fontFamily": "Arial",
    "_isSystemFontUsed": false,
    "_N$string": "<color=#00ff00>Rich</c><color=#0fffff>Text</color>",
    "_N$horizontalAlign": 0,
    "_N$fontSize": 40,
    "_N$font": {
      "__uuid__": "37a1309d-2a1a-4640-8fc3-49af03d17a25"
    },
    "_N$maxWidth": 0,
    "_N$lineHeight": 50,
    "_N$imageAtlas": null,
    "_N$handleTouchEvent": true,
    "_id": "2eXpQT4Q5P76TxIsMSANYb"
  },
  {
    "__type__": "cc.Sprite",
    "_name": "",
    "_objFlags": 0,
    "node": {
      "__id__": 68
    },
    "_enabled": true,
    "_materials": [
      {
        "__uuid__": "eca5d2f2-8ef6-41c2-bbe6-f9c79d09c432"
      }
    ],
    "_srcBlendFactor": 770,
    "_dstBlendFactor": 771,
    "_spriteFrame": {
      "__uuid__": "7fc98fc2-2d6b-4e5e-9cfb-c921b00407be"
    },
    "_type": 0,
    "_sizeMode": 1,
    "_fillType": 0,
    "_fillCenter": {
      "__type__": "cc.Vec2",
      "x": 0,
      "y": 0
    },
    "_fillStart": 0,
    "_fillRange": 0,
    "_isTrimmedMode": true,
    "_atlas": null,
    "_id": "72SUy+NhhM94PlA3LkV9E+"
  },
  {
    "__type__": "29d8eEqokZL5IhyxKgPDv7/",
    "_name": "",
    "_objFlags": 0,
    "node": {
      "__id__": 68
    },
    "_enabled": true,
    "_score": 0,
    "scoreGame": {
      "__id__": 74
    },
    "loseLayout": {
      "__id__": 49
    },
    "_id": "0a97ECWBVOU5RE5/I/iw4P"
  },
  {
    "__type__": "cc.Canvas",
    "_name": "",
    "_objFlags": 0,
    "node": {
      "__id__": 2
    },
    "_enabled": true,
    "_designResolution": {
      "__type__": "cc.Size",
      "width": 960,
      "height": 640
    },
    "_fitWidth": false,
    "_fitHeight": true,
    "_id": "6f5cteKmlPh6NGUsUqxlFR"
  }
]