{
  "9836134e-b892-4283-b6b2-78b5acf3ed45": {
    "asset": 1568707779000,
    "meta": 1568707779000,
    "relativePath": "effects"
  },
  "430eccbf-bf2c-4e6e-8c0c-884bbb487f32": {
    "asset": 1568707779000,
    "meta": 1652324570541,
    "relativePath": "effects/__builtin-editor-gizmo-line.effect"
  },
  "6c5cf6e1-b044-4eac-9431-835644d57381": {
    "asset": 1568707779000,
    "meta": 1652324570570,
    "relativePath": "effects/__builtin-editor-gizmo-unlit.effect"
  },
  "115286d1-2e10-49ee-aab4-341583f607e8": {
    "asset": 1568707779000,
    "meta": 1652324570617,
    "relativePath": "effects/__builtin-editor-gizmo.effect"
  },
  "abc2cb62-7852-4525-a90d-d474487b88f2": {
    "asset": 1568707779000,
    "meta": 1652324570619,
    "relativePath": "effects/builtin-phong.effect"
  },
  "f8e6b000-5643-4b86-9080-aa680ce1f599": {
    "asset": 1568707779000,
    "meta": 1568707779000,
    "relativePath": "image"
  },
  "71561142-4c83-4933-afca-cb7a17f67053": {
    "asset": 1568707779000,
    "meta": 1652324570739,
    "relativePath": "image/default_btn_disabled.png"
  },
  "e851e89b-faa2-4484-bea6-5c01dd9f06e2": {
    "asset": 1568707779000,
    "meta": 1652324570741,
    "relativePath": "image/default_btn_normal.png"
  },
  "b43ff3c2-02bb-4874-81f7-f2dea6970f18": {
    "asset": 1568707779000,
    "meta": 1652324570748,
    "relativePath": "image/default_btn_pressed.png"
  },
  "edd215b9-2796-4a05-aaf5-81f96c9281ce": {
    "asset": 1568707779000,
    "meta": 1652324570749,
    "relativePath": "image/default_editbox_bg.png"
  },
  "d81ec8ad-247c-4e62-aa3c-d35c4193c7af": {
    "asset": 1568707779000,
    "meta": 1652324570756,
    "relativePath": "image/default_panel.png"
  },
  "99170b0b-d210-46f1-b213-7d9e3f23098a": {
    "asset": 1568707779000,
    "meta": 1652324570757,
    "relativePath": "image/default_progressbar_bg.png"
  },
  "cfef78f1-c8df-49b7-8ed0-4c953ace2621": {
    "asset": 1568707779000,
    "meta": 1652324570764,
    "relativePath": "image/default_progressbar.png"
  },
  "567dcd80-8bf4-4535-8a5a-313f1caf078a": {
    "asset": 1568707779000,
    "meta": 1652324570766,
    "relativePath": "image/default_radio_button_off.png"
  },
  "4bab67cb-18e6-4099-b840-355f0473f890": {
    "asset": 1568707779000,
    "meta": 1652324570776,
    "relativePath": "image/default_scrollbar_bg.png"
  },
  "9d60001f-b5f4-4726-a629-2659e3ded0b8": {
    "asset": 1568707779000,
    "meta": 1652324570774,
    "relativePath": "image/default_radio_button_on.png"
  },
  "d6d3ca85-4681-47c1-b5dd-d036a9d39ea2": {
    "asset": 1568707779000,
    "meta": 1652324570786,
    "relativePath": "image/default_scrollbar_vertical.png"
  },
  "617323dd-11f4-4dd3-8eec-0caf6b3b45b9": {
    "asset": 1568707779000,
    "meta": 1652324570788,
    "relativePath": "image/default_scrollbar_vertical_bg.png"
  },
  "0275e94c-56a7-410f-bd1a-fc7483f7d14a": {
    "asset": 1568707779000,
    "meta": 1652324570794,
    "relativePath": "image/default_sprite_splash.png"
  },
  "0291c134-b3da-4098-b7b5-e397edbe947f": {
    "asset": 1568707779000,
    "meta": 1652324570799,
    "relativePath": "image/default_scrollbar.png"
  },
  "73a0903d-d80e-4e3c-aa67-f999543c08f5": {
    "asset": 1568707779000,
    "meta": 1652324570810,
    "relativePath": "image/default_toggle_checkmark.png"
  },
  "6e056173-d285-473c-b206-40a7fff5386e": {
    "asset": 1568707779000,
    "meta": 1652324570809,
    "relativePath": "image/default_sprite.png"
  },
  "c25b9d50-c8fc-4d27-beeb-6e7c1f2e5c0f": {
    "asset": 1568707779000,
    "meta": 1652324570820,
    "relativePath": "image/default_toggle_disabled.png"
  },
  "d29077ba-1627-4a72-9579-7b56a235340c": {
    "asset": 1568707779000,
    "meta": 1652324570819,
    "relativePath": "image/default_toggle_normal.png"
  },
  "5c3eedba-6c41-4c0c-9ba7-d91f813cbd1c": {
    "asset": 1568707779000,
    "meta": 1568707779000,
    "relativePath": "materials"
  },
  "c4480a0a-6ac5-443f-8b40-361a14257fc8": {
    "asset": 1568707779000,
    "meta": 1652324570823,
    "relativePath": "materials/builtin-phong.mtl"
  },
  "fc09f9bd-2cce-4605-b630-8145ef809ed6": {
    "asset": 1568707779000,
    "meta": 1568707779000,
    "relativePath": "misc"
  },
  "2be36297-9abb-4fee-8049-9ed5e271da8a": {
    "asset": 1568707779000,
    "meta": 1652324570828,
    "relativePath": "misc/default_video.mp4"
  },
  "b181c1e4-0a72-4a91-bfb0-ae6f36ca60bd": {
    "asset": 1568707779000,
    "meta": 1652324570830,
    "relativePath": "image/default_toggle_pressed.png"
  },
  "db019bf7-f71c-4111-98cf-918ea180cb48": {
    "asset": 1568707779000,
    "meta": 1568707779000,
    "relativePath": "model"
  },
  "e39e96e6-6f6e-413f-bcf1-ac7679bb648a": {
    "asset": 1568707779000,
    "meta": 1568707779000,
    "relativePath": "model/prefab"
  },
  "a87cc147-01b2-43f8-8e42-a7ca90b0c757": {
    "asset": 1568707779000,
    "meta": 1652324570833,
    "relativePath": "model/prefab/box.prefab"
  },
  "fe1417b6-fe6b-46a4-ae7c-9fd331f33a2a": {
    "asset": 1568707779000,
    "meta": 1652324570833,
    "relativePath": "model/prefab/capsule.prefab"
  },
  "b5fc2cf2-7942-483d-be1f-bbeadc4714ad": {
    "asset": 1568707779000,
    "meta": 1652324570836,
    "relativePath": "model/prefab/cone.prefab"
  },
  "1c5e4038-953a-44c2-b620-0bbfc6170477": {
    "asset": 1568707779000,
    "meta": 1652324570835,
    "relativePath": "model/prefab/cylinder.prefab"
  },
  "6c9ef10d-b479-420b-bfe6-39cdda6a8ae0": {
    "asset": 1568707779000,
    "meta": 1652324570838,
    "relativePath": "model/prefab/quad.prefab"
  },
  "3f376125-a699-40ca-ad05-04d662eaa1f2": {
    "asset": 1568707779000,
    "meta": 1652324570838,
    "relativePath": "model/prefab/plane.prefab"
  },
  "2d9a4b85-b0ab-4c46-84c5-18f393ab2058": {
    "asset": 1568707779000,
    "meta": 1652324570841,
    "relativePath": "model/prefab/sphere.prefab"
  },
  "de510076-056b-484f-b94c-83bef217d0e1": {
    "asset": 1568707779000,
    "meta": 1652324570859,
    "relativePath": "model/prefab/torus.prefab"
  },
  "f6e6dd15-71d1-4ffe-ace7-24fd39942c05": {
    "asset": 1568707779000,
    "meta": 1568707779000,
    "relativePath": "obsolete"
  },
  "8a96b965-2dc0-4e03-aa90-3b79cb93b5b4": {
    "asset": 1568707779000,
    "meta": 1652324570869,
    "relativePath": "obsolete/atom.png"
  },
  "f743d2b6-b7ea-4c14-a55b-547ed4d0a045": {
    "asset": 1568707779000,
    "meta": 1568707779000,
    "relativePath": "particle"
  },
  "b8223619-7e38-47c4-841f-9160c232495a": {
    "asset": 1568707779000,
    "meta": 1652324571038,
    "relativePath": "obsolete/atom.plist"
  },
  "d0a82d39-bede-46c4-b698-c81ff0dedfff": {
    "asset": 1568707779000,
    "meta": 1652324570876,
    "relativePath": "particle/atom.png"
  },
  "ae6c6c98-11e4-452f-8758-75f5c6a56e83": {
    "asset": 1568707779000,
    "meta": 1568707779000,
    "relativePath": "prefab"
  },
  "b2687ac4-099e-403c-a192-ff477686f4f5": {
    "asset": 1568707779000,
    "meta": 1652324571044,
    "relativePath": "particle/atom.plist"
  },
  "972b9a4d-47ee-4c74-b5c3-61d8a69bc29f": {
    "asset": 1568707779000,
    "meta": 1652324570878,
    "relativePath": "prefab/button.prefab"
  },
  "897ef7a1-4860-4f64-968d-f5924b18668a": {
    "asset": 1568707779000,
    "meta": 1652324570879,
    "relativePath": "prefab/camera.prefab"
  },
  "2c937608-2562-40ea-b264-7395df6f0cea": {
    "asset": 1568707779000,
    "meta": 1652324570880,
    "relativePath": "prefab/canvas.prefab"
  },
  "61aeb05b-3b32-452b-8eed-2b76deeed554": {
    "asset": 1568707779000,
    "meta": 1652324570882,
    "relativePath": "prefab/editbox.prefab"
  },
  "27756ebb-3d33-44b0-9b96-e858fadd4dd4": {
    "asset": 1568707779000,
    "meta": 1652324570883,
    "relativePath": "prefab/label.prefab"
  },
  "785a442c-3ceb-45be-a46e-7317f625f3b9": {
    "asset": 1568707779000,
    "meta": 1652324570884,
    "relativePath": "prefab/layout.prefab"
  },
  "ddb99b39-7004-47cd-9705-751905c43c46": {
    "asset": 1568707779000,
    "meta": 1652324570886,
    "relativePath": "prefab/light.prefab"
  },
  "ca8401fe-ad6e-41a8-bd46-8e3e4e9945be": {
    "asset": 1568707779000,
    "meta": 1652324570887,
    "relativePath": "prefab/pageview.prefab"
  },
  "cd33edea-55f5-46c2-958d-357a01384a36": {
    "asset": 1568707779000,
    "meta": 1652324570889,
    "relativePath": "prefab/particlesystem.prefab"
  },
  "5965ffac-69da-4b55-bcde-9225d0613c28": {
    "asset": 1568707779000,
    "meta": 1652324570890,
    "relativePath": "prefab/progressBar.prefab"
  },
  "4a37dd57-78cd-4cec-aad4-f11a73d12b63": {
    "asset": 1568707779000,
    "meta": 1652324570892,
    "relativePath": "prefab/richtext.prefab"
  },
  "32044bd2-481f-4cf1-a656-e2b2fb1594eb": {
    "asset": 1568707779000,
    "meta": 1652324570894,
    "relativePath": "prefab/scrollview.prefab"
  },
  "0004d1cf-a0ad-47d8-ab17-34d3db9d35a3": {
    "asset": 1568707779000,
    "meta": 1652324570896,
    "relativePath": "prefab/slider.prefab"
  },
  "1f55e3be-b89b-4b79-88de-47fd31018044": {
    "asset": 1568707779000,
    "meta": 1652324570897,
    "relativePath": "prefab/sprite_splash.prefab"
  },
  "96083d03-c332-4a3f-9386-d03e2d19e8ee": {
    "asset": 1568707779000,
    "meta": 1652324570898,
    "relativePath": "prefab/sprite.prefab"
  },
  "7de03a80-4457-438d-95a7-3e7cdffd6086": {
    "asset": 1568707779000,
    "meta": 1652324570899,
    "relativePath": "prefab/tiledmap.prefab"
  },
  "0e42ba95-1fa1-46aa-b2cf-143cd1bcee2c": {
    "asset": 1568707779000,
    "meta": 1652324570901,
    "relativePath": "prefab/tiledtile.prefab"
  },
  "0d784963-d024-4ea6-a7db-03be0ad63010": {
    "asset": 1568707779000,
    "meta": 1652324570904,
    "relativePath": "prefab/toggle.prefab"
  },
  "bf0a434c-84dd-4a8e-a08a-7a36f180cc75": {
    "asset": 1568707779000,
    "meta": 1652324570906,
    "relativePath": "prefab/toggleContainer.prefab"
  },
  "d1b8be49-b0a0-435c-83b7-552bed4bbe35": {
    "asset": 1568707779000,
    "meta": 1652324570907,
    "relativePath": "prefab/toggleGroup.prefab"
  },
  "232d2782-c4bd-4bb4-9e01-909f03d6d3b9": {
    "asset": 1568707779000,
    "meta": 1652324570909,
    "relativePath": "prefab/videoplayer.prefab"
  },
  "8c5001fd-07ee-4a4b-a8a0-63e15195e94d": {
    "asset": 1568707779000,
    "meta": 1652324570910,
    "relativePath": "prefab/webview.prefab"
  },
  "d8afc78c-4eac-4a9f-83dd-67bc70344d33": {
    "asset": 1568707779000,
    "meta": 1568707779000,
    "relativePath": "resources"
  },
  "294c1663-4adf-4a1e-a795-53808011a38a": {
    "asset": 1568707779000,
    "meta": 1568707779000,
    "relativePath": "resources/effects"
  },
  "144c3297-af63-49e8-b8ef-1cfa29b3be28": {
    "asset": 1568707779000,
    "meta": 1652324570915,
    "relativePath": "resources/effects/builtin-2d-gray-sprite.effect"
  },
  "0e93aeaa-0b53-4e40-b8e0-6268b4e07bd7": {
    "asset": 1568707779000,
    "meta": 1652324570920,
    "relativePath": "resources/effects/builtin-2d-spine.effect"
  },
  "2874f8dd-416c-4440-81b7-555975426e93": {
    "asset": 1568707779000,
    "meta": 1652324570924,
    "relativePath": "resources/effects/builtin-2d-sprite.effect"
  },
  "c0040c95-c57f-49cd-9cbc-12316b73d0d4": {
    "asset": 1568707779000,
    "meta": 1652324570930,
    "relativePath": "resources/effects/builtin-clear-stencil.effect"
  },
  "79eafaef-b7ef-45d9-9c3f-591dc836fc7a": {
    "asset": 1568707779000,
    "meta": 1652324570957,
    "relativePath": "resources/effects/builtin-unlit-transparent.effect"
  },
  "6d91e591-4ce0-465c-809f-610ec95019c6": {
    "asset": 1568707779000,
    "meta": 1652324570977,
    "relativePath": "resources/effects/builtin-unlit.effect"
  },
  "bbee2217-c261-49bd-a8ce-708d6bcc3500": {
    "asset": 1568707779000,
    "meta": 1568707779000,
    "relativePath": "resources/materials"
  },
  "6f801092-0c37-4f30-89ef-c8d960825b36": {
    "asset": 1568707779000,
    "meta": 1652324570998,
    "relativePath": "resources/materials/builtin-2d-base.mtl"
  },
  "3a7bb79f-32fd-422e-ada2-96f518fed422": {
    "asset": 1568707779000,
    "meta": 1652324571000,
    "relativePath": "resources/materials/builtin-2d-gray-sprite.mtl"
  },
  "7afd064b-113f-480e-b793-8817d19f63c3": {
    "asset": 1568707779000,
    "meta": 1652324571006,
    "relativePath": "resources/materials/builtin-2d-spine.mtl"
  },
  "eca5d2f2-8ef6-41c2-bbe6-f9c79d09c432": {
    "asset": 1568707779000,
    "meta": 1652324571010,
    "relativePath": "resources/materials/builtin-2d-sprite.mtl"
  },
  "cf7e0bb8-a81c-44a9-ad79-d28d43991032": {
    "asset": 1568707779000,
    "meta": 1652324571012,
    "relativePath": "resources/materials/builtin-clear-stencil.mtl"
  },
  "2a296057-247c-4a1c-bbeb-0548b6c98650": {
    "asset": 1568707779000,
    "meta": 1652324571014,
    "relativePath": "resources/materials/builtin-unlit.mtl"
  },
  "954fec8b-cd16-4bb9-a3b7-7719660e7558": {
    "asset": 1568707779000,
    "meta": 1652324573472,
    "relativePath": "model/primitives.fbx"
  },
  "29f52784-2fca-467b-92e7-8fd9ef8c57b7": {
    "asset": 1652151034000,
    "meta": 1652151034000,
    "relativePath": "Scene"
  },
  "4734c20c-0db8-4eb2-92ea-e692f4d70934": {
    "asset": 1652353424904,
    "meta": 1652151034000,
    "relativePath": "Script"
  },
  "2d2f792f-a40c-49bb-a189-ed176a246e49": {
    "asset": 1652353816684,
    "meta": 1652353816687,
    "relativePath": "Scene/helloworld.fire"
  },
  "7b81d4e8-ec84-4716-968d-500ac1d78a54": {
    "asset": 1652151034000,
    "meta": 1652151034000,
    "relativePath": "Texture"
  },
  "280c3aec-6492-4a9d-9f51-a9b00b570b4a": {
    "asset": 1652151034000,
    "meta": 1652324573812,
    "relativePath": "Script/HelloWorld.js"
  },
  "a8027877-d8d6-4645-97a0-52d4a0123dba": {
    "asset": 1652151034000,
    "meta": 1652324574261,
    "relativePath": "Texture/singleColor.png"
  },
  "6aa0aa6a-ebee-4155-a088-a687a6aadec4": {
    "asset": 1652151034000,
    "meta": 1652324574273,
    "relativePath": "Texture/HelloWorld.png"
  },
  "25c4de89-f165-4f20-9ab9-3762e6c34775": {
    "asset": 1652241186000,
    "meta": 1652156350000,
    "relativePath": "Spine"
  },
  "7122bd78-48d8-4d18-adf5-c37278fd7a08": {
    "asset": 1652156376000,
    "meta": 1652324574183,
    "relativePath": "Spine/spineboy-pro_3.7_output.atlas"
  },
  "148f4f68-b49d-4cff-8844-214ee200c9db": {
    "asset": 1652156376000,
    "meta": 1652324574231,
    "relativePath": "Spine/spineboy-pro_3.7_output.png"
  },
  "5112e1ae-4405-4552-b4b4-cd3adad9f262": {
    "asset": 1652172524000,
    "meta": 1652324574257,
    "relativePath": "Sprites/alien-planet-landscape-space-game-background-alien-planet-landscape-space-game-background-vector-cartoon-fantasy-199231059.jpeg"
  },
  "47def634-86f9-49c1-ad76-3486454d7e34": {
    "asset": 1652280482000,
    "meta": 1652172554000,
    "relativePath": "Sprites"
  },
  "cb46a02d-b5e6-4d39-8445-91abd0c46088": {
    "asset": 1652174756000,
    "meta": 1652324573862,
    "relativePath": "Script/mEmitter.js"
  },
  "efde70c5-f689-4228-930c-8e1d00500c51": {
    "asset": 1652235024000,
    "meta": 1652324574253,
    "relativePath": "Sprites/Wooden_Floor_Spikes_icon-removebg-preview.png"
  },
  "8e3631e9-b235-424c-beb2-37a93556e9ee": {
    "asset": 1652235502000,
    "meta": 1652324574216,
    "relativePath": "Sprites/1pl8m3x17nd71-removebg-preview.png"
  },
  "bad76022-e2ad-4394-88dd-d7ea7da8d9f1": {
    "asset": 1652241186000,
    "meta": 1652241186000,
    "relativePath": "Spine/alien"
  },
  "f269fd89-5cfc-4ae8-a02f-61a9e2ea7e6b": {
    "asset": 1652241186000,
    "meta": 1652324573864,
    "relativePath": "Spine/alien/alien-ess.spine"
  },
  "f686fcda-910e-4a17-b7f6-1fcd9af2177b": {
    "asset": 1652241186000,
    "meta": 1652241186000,
    "relativePath": "Spine/alien/export"
  },
  "ffa03f8d-238e-4181-ae62-ac3ce7c448cb": {
    "asset": 1652241186000,
    "meta": 1652324573869,
    "relativePath": "Spine/alien/alien-pro.spine"
  },
  "59556320-0f45-429b-93de-2b1ae975f1c8": {
    "asset": 1652241187687,
    "meta": 1652241187736,
    "relativePath": "Spine/alien/export/alien-ess.json"
  },
  "471fbc39-3639-4246-9010-7a44c49a69bc": {
    "asset": 1652241186000,
    "meta": 1652324573873,
    "relativePath": "Spine/alien/export/alien-ess.skel"
  },
  "05104988-fc70-47a2-b87c-f6f9e35b6e50": {
    "asset": 1652241186000,
    "meta": 1652324573874,
    "relativePath": "Spine/alien/export/alien-pma.atlas"
  },
  "ed754efb-793e-453c-8662-ffa0fbbab7a5": {
    "asset": 1652241187689,
    "meta": 1652241187756,
    "relativePath": "Spine/alien/export/alien-pro.json"
  },
  "e8cb4f31-a39f-4dd4-b3ca-3998204f6f96": {
    "asset": 1652241186000,
    "meta": 1652324573890,
    "relativePath": "Spine/alien/export/alien-pro.skel"
  },
  "f3bd1b29-cddc-4cbd-a03d-8b8890ff30eb": {
    "asset": 1652241186000,
    "meta": 1652324573893,
    "relativePath": "Spine/alien/export/alien.atlas"
  },
  "b35b4584-22ff-4249-a93f-010d87f8eaa2": {
    "asset": 1652241186000,
    "meta": 1652324573965,
    "relativePath": "Spine/alien/export/alien-pma.png"
  },
  "4cd531bf-b475-4bfa-9fb3-dfdf4855700e": {
    "asset": 1652241186000,
    "meta": 1652324573970,
    "relativePath": "Spine/alien/export/alien.png"
  },
  "abd18056-93a5-4e51-9e3c-f9a588c86152": {
    "asset": 1652241186000,
    "meta": 1652241186000,
    "relativePath": "Spine/alien/images"
  },
  "064a33a7-c7fa-41ce-881d-27d4bc6ee2ad": {
    "asset": 1652241186000,
    "meta": 1652324573978,
    "relativePath": "Spine/alien/images/back-foot.png"
  },
  "f35648e8-e2ae-423d-a38d-fd2c3b3fd8f2": {
    "asset": 1652241186000,
    "meta": 1652324573980,
    "relativePath": "Spine/alien/images/back-shin.png"
  },
  "590e2f7d-3a91-4003-a198-e5872b0794be": {
    "asset": 1652241186000,
    "meta": 1652324573988,
    "relativePath": "Spine/alien/images/back-thigh.png"
  },
  "05903158-e86e-426a-89d2-02283edb5f78": {
    "asset": 1652241186000,
    "meta": 1652324573996,
    "relativePath": "Spine/alien/images/backarmor.png"
  },
  "2306c1b0-a47f-4a19-bae8-1b956f1efe94": {
    "asset": 1652241186000,
    "meta": 1652324574000,
    "relativePath": "Spine/alien/images/blown-up-neck.png"
  },
  "73a9fdbc-0d34-48ec-a5da-341cefaffdb8": {
    "asset": 1652241186000,
    "meta": 1652324574014,
    "relativePath": "Spine/alien/images/body.png"
  },
  "907a8042-85f7-4424-ae6a-b2b4f6275f06": {
    "asset": 1652241186000,
    "meta": 1652324574021,
    "relativePath": "Spine/alien/images/burst01.png"
  },
  "e75c180d-38c4-483b-b7eb-94c892d8756c": {
    "asset": 1652241186000,
    "meta": 1652324574036,
    "relativePath": "Spine/alien/images/burst02.png"
  },
  "a8d34582-55b6-4ad4-b2ea-126f8929a3dc": {
    "asset": 1652241186000,
    "meta": 1652324574050,
    "relativePath": "Spine/alien/images/burst03-bg.png"
  },
  "5136ecd6-c034-47c9-8309-1c6174b4e6a7": {
    "asset": 1652241186000,
    "meta": 1652324574057,
    "relativePath": "Spine/alien/images/eye-highlight.png"
  },
  "330aa31e-94c1-4669-afb6-4366780e31e0": {
    "asset": 1652241186000,
    "meta": 1652324574063,
    "relativePath": "Spine/alien/images/burst03-fg.png"
  },
  "86afad7c-37c9-4d26-90ac-124fd136b945": {
    "asset": 1652241186000,
    "meta": 1652324574064,
    "relativePath": "Spine/alien/images/eye-pupil.png"
  },
  "f6ea16f2-d91e-4570-8948-f061ebf2b670": {
    "asset": 1652241186000,
    "meta": 1652324574075,
    "relativePath": "Spine/alien/images/eye-stalk.png"
  },
  "b934aa39-7ed0-45b8-a88a-613547ffb0b6": {
    "asset": 1652241186000,
    "meta": 1652324574076,
    "relativePath": "Spine/alien/images/eye.png"
  },
  "dc0e88b6-a2f4-4504-884c-7bc129718b87": {
    "asset": 1652241186000,
    "meta": 1652324574081,
    "relativePath": "Spine/alien/images/front-foot.png"
  },
  "d3a58965-44c8-45aa-9177-a67f693ed686": {
    "asset": 1652241186000,
    "meta": 1652324574089,
    "relativePath": "Spine/alien/images/front-shin.png"
  },
  "68e0a9ab-04be-4556-af4e-86438fde9192": {
    "asset": 1652241186000,
    "meta": 1652324574087,
    "relativePath": "Spine/alien/images/front-lower-arm.png"
  },
  "46bd3999-3841-4ad4-b26a-896b7a897742": {
    "asset": 1652241186000,
    "meta": 1652324574096,
    "relativePath": "Spine/alien/images/front-thigh.png"
  },
  "412428ae-4ccf-4a71-bbe1-a452493f6434": {
    "asset": 1652241186000,
    "meta": 1652324574097,
    "relativePath": "Spine/alien/images/front-upper-arm.png"
  },
  "3410013f-dc2b-4c00-bc34-92979c625cd4": {
    "asset": 1652241186000,
    "meta": 1652324574106,
    "relativePath": "Spine/alien/images/lower-back-arm.png"
  },
  "1fe68f32-9da2-478f-b49b-1e5ba8447af2": {
    "asset": 1652241186000,
    "meta": 1652324574112,
    "relativePath": "Spine/alien/images/head.png"
  },
  "20d05aff-6620-483e-8ad5-35bb308d64ac": {
    "asset": 1652241186000,
    "meta": 1652324574118,
    "relativePath": "Spine/alien/images/metaljaw.png"
  },
  "4862017b-4c09-49cd-867e-1d31f0144afc": {
    "asset": 1652241186000,
    "meta": 1652324574127,
    "relativePath": "Spine/alien/images/splat01-fg.png"
  },
  "74914a70-5cad-480a-b132-c78681442e6a": {
    "asset": 1652241186000,
    "meta": 1652324574141,
    "relativePath": "Spine/alien/images/splat01.png"
  },
  "99525550-4b24-4713-b0a9-3289e826bffc": {
    "asset": 1652241186000,
    "meta": 1652324574152,
    "relativePath": "Spine/alien/images/splat02.png"
  },
  "d67bc796-4c58-4470-977a-1c3732f3cf3a": {
    "asset": 1652241186000,
    "meta": 1652324574161,
    "relativePath": "Spine/alien/images/splat03.png"
  },
  "02ae93bc-8034-4c39-8a96-57511045e4e9": {
    "asset": 1652241186000,
    "meta": 1652324574161,
    "relativePath": "Spine/alien/images/upper-back-arm.png"
  },
  "f39100b4-be83-466d-87a3-9f6ce512a021": {
    "asset": 1652241186000,
    "meta": 1652324574162,
    "relativePath": "Spine/alien/license.txt"
  },
  "ba6ed34b-56c2-4330-833f-c01511cbd099": {
    "asset": 1652279370000,
    "meta": 1652324574321,
    "relativePath": "Spine/spineboy-pro_3.7_output.json"
  },
  "e736a8c5-5cbe-4dc4-9862-5a19ed47267e": {
    "asset": 1652280482000,
    "meta": 1652324574228,
    "relativePath": "Sprites/57-removebg-preview.png"
  },
  "6a825d6c-afcb-49a4-8d9e-103f4963193d": {
    "asset": 1652280656000,
    "meta": 1652280620000,
    "relativePath": "Prefab"
  },
  "2163d50f-e9c9-4e56-bba9-97b55b1a589c": {
    "asset": 1652280656000,
    "meta": 1652324573557,
    "relativePath": "Prefab/Bullet.prefab"
  },
  "584f4dd0-d024-4e50-be19-9885d662b741": {
    "asset": 1652331333949,
    "meta": 1652331336570,
    "relativePath": "Script/ScaleY.js"
  },
  "c1131f3d-32c0-43d7-90ac-05c6dcae4318": {
    "asset": 1652331620927,
    "meta": 1652333324406,
    "relativePath": "Script/KeyController.js"
  },
  "9b28f7c8-5174-4835-a5f8-c581fe06a12b": {
    "asset": 1652352779435,
    "meta": 1652353405235,
    "relativePath": "Script/Animation.js"
  },
  "6e1e6dfe-b987-4d6d-abde-82c5b6aca399": {
    "asset": 1652353668033,
    "meta": 1652353680266,
    "relativePath": "Script/Bullet.js"
  }
}