{
  "version": "1.1.1",
  "windows": {
    "main": {
      "main": true,
      "url": "app://editor/index.html",
      "windowType": "dockable",
      "x": 213,
      "y": 136,
      "width": 1280,
      "height": 720,
      "layout": {
        "children": [
          {
            "children": [
              {
                "active": 0,
                "children": [
                  "hierarchy"
                ],
                "height": 285,
                "type": "panel",
                "width": 204
              },
              {
                "active": 0,
                "children": [
                  "assets"
                ],
                "height": 313.984375,
                "type": "panel",
                "width": 204
              }
            ],
            "height": 601,
            "type": "dock-v",
            "width": 204
          },
          {
            "children": [
              {
                "children": [
                  {
                    "active": 0,
                    "children": [
                      "scene"
                    ],
                    "height": 313.984375,
                    "type": "panel",
                    "width": 484.984375
                  },
                  {
                    "active": 0,
                    "children": [
                      "node-library"
                    ],
                    "height": 313.984375,
                    "type": "panel",
                    "width": 265
                  }
                ],
                "height": 313.984375,
                "type": "dock-h",
                "width": 752
              },
              {
                "active": 0,
                "children": [
                  "console",
                  "timeline",
                  "game-window"
                ],
                "height": 285,
                "type": "panel",
                "width": 752
              }
            ],
            "height": 601,
            "type": "dock-v",
            "width": 752
          },
          {
            "active": 0,
            "children": [
              "inspector",
              "cocos-services"
            ],
            "height": 601,
            "type": "panel",
            "width": 304
          }
        ],
        "type": "dock-h"
      },
      "panels": [
        "hierarchy",
        "assets",
        "node-library",
        "console",
        "timeline",
        "game-window",
        "inspector",
        "cocos-services",
        "scene"
      ]
    }
  },
  "panels": {
    "builder": {
      "x": 485,
      "y": 91,
      "width": 670,
      "height": 728
    },
    "project-settings": {
      "x": 515,
      "y": 198,
      "width": 600,
      "height": 565
    },
    "sprite-editor": {
      "x": 577,
      "y": 257,
      "width": 500,
      "height": 528
    }
  }
}