{
  "version": "1.1.1",
  "windows": {
    "main": {
      "main": true,
      "url": "app://editor/index.html",
      "windowType": "dockable",
      "x": 124,
      "y": 96,
      "width": 1280,
      "height": 720,
      "layout": {
        "children": [
          {
            "children": [
              {
                "active": 0,
                "children": [
                  "hierarchy"
                ],
                "height": 300,
                "type": "panel",
                "width": 207
              },
              {
                "active": 0,
                "children": [
                  "assets"
                ],
                "height": 330,
                "type": "panel",
                "width": 207
              }
            ],
            "height": 632,
            "type": "dock-v",
            "width": 207
          },
          {
            "children": [
              {
                "children": [
                  {
                    "active": 0,
                    "children": [
                      "scene"
                    ],
                    "height": 330,
                    "type": "panel",
                    "width": 491.34375
                  },
                  {
                    "active": 0,
                    "children": [
                      "node-library"
                    ],
                    "height": 330,
                    "type": "panel",
                    "width": 267.640625
                  }
                ],
                "height": 330,
                "type": "dock-h",
                "width": 760.984375
              },
              {
                "active": 0,
                "children": [
                  "console",
                  "timeline",
                  "game-window"
                ],
                "height": 300,
                "type": "panel",
                "width": 760.984375
              }
            ],
            "height": 632,
            "type": "dock-v",
            "width": 760.984375
          },
          {
            "active": 0,
            "children": [
              "inspector",
              "cocos-services"
            ],
            "height": 632,
            "type": "panel",
            "width": 308
          }
        ],
        "type": "dock-h"
      },
      "panels": [
        "hierarchy",
        "assets",
        "node-library",
        "console",
        "timeline",
        "game-window",
        "inspector",
        "cocos-services",
        "scene"
      ]
    }
  },
  "panels": {
    "builder": {
      "x": 528,
      "y": 63,
      "width": 670,
      "height": 728
    },
    "project-settings": {
      "x": 560,
      "y": 211,
      "width": 584,
      "height": 554
    }
  }
}