{
  "__type__": "cc.SpriteAtlas",
  "_name": "sprites.plist",
  "_objFlags": 0,
  "_native": "",
  "_spriteFrames": {
    "png-transparent-gold-coin-illustration-sprite-animation-2d-computer-graphics-coin-opengameart-org-coins-game-orange-bitmap-removebg-preview_01": {
      "__uuid__": "122276ab-9afe-49ad-8e3c-721dea265da0"
    },
    "png-transparent-gold-coin-illustration-sprite-animation-2d-computer-graphics-coin-opengameart-org-coins-game-orange-bitmap-removebg-preview_02": {
      "__uuid__": "ff7685a7-c8ab-4e79-8a35-a9cc42c1ab16"
    },
    "png-transparent-gold-coin-illustration-sprite-animation-2d-computer-graphics-coin-opengameart-org-coins-game-orange-bitmap-removebg-preview_03": {
      "__uuid__": "3040bc5a-4c41-475d-8fa3-c281e400fdd7"
    },
    "png-transparent-gold-coin-illustration-sprite-animation-2d-computer-graphics-coin-opengameart-org-coins-game-orange-bitmap-removebg-preview_04": {
      "__uuid__": "721bc6ad-5c9a-4c6c-a8d8-38370d615caf"
    },
    "png-transparent-gold-coin-illustration-sprite-animation-2d-computer-graphics-coin-opengameart-org-coins-game-orange-bitmap-removebg-preview_05": {
      "__uuid__": "468b6977-1e5b-4ba3-978b-2a407eebfe20"
    },
    "png-transparent-gold-coin-illustration-sprite-animation-2d-computer-graphics-coin-opengameart-org-coins-game-orange-bitmap-removebg-preview_06": {
      "__uuid__": "54bf7a60-9a58-4e58-9eaf-54a35a6c4f4f"
    }
  }
}