{
  "version": "1.1.1",
  "windows": {
    "worker": {},
    "main": {
      "main": true,
      "url": "app://editor/index.html",
      "windowType": "dockable",
      "x": 66,
      "y": 135,
      "width": 1280,
      "height": 720,
      "layout": {
        "children": [
          {
            "children": [
              {
                "active": 0,
                "children": [
                  "hierarchy"
                ],
                "height": 285.234375,
                "type": "panel",
                "width": 204.40625
              },
              {
                "active": 0,
                "children": [
                  "assets"
                ],
                "height": 313.765625,
                "type": "panel",
                "width": 204.40625
              }
            ],
            "height": 601,
            "type": "dock-v",
            "width": 204.40625
          },
          {
            "children": [
              {
                "children": [
                  {
                    "active": 0,
                    "children": [
                      "scene"
                    ],
                    "height": 313.765625,
                    "type": "panel",
                    "width": 484.828125
                  },
                  {
                    "active": 0,
                    "children": [
                      "node-library"
                    ],
                    "height": 313.765625,
                    "type": "panel",
                    "width": 264.625
                  }
                ],
                "height": 313.765625,
                "type": "dock-h",
                "width": 751.453125
              },
              {
                "active": 0,
                "children": [
                  "console",
                  "timeline",
                  "game-window"
                ],
                "height": 285.234375,
                "type": "panel",
                "width": 751.453125
              }
            ],
            "height": 601,
            "type": "dock-v",
            "width": 751.453125
          },
          {
            "active": 0,
            "children": [
              "inspector",
              "cocos-services"
            ],
            "height": 601,
            "type": "panel",
            "width": 304.140625
          }
        ],
        "type": "dock-h"
      },
      "panels": [
        "hierarchy",
        "assets",
        "node-library",
        "console",
        "timeline",
        "game-window",
        "inspector",
        "cocos-services",
        "scene"
      ]
    }
  },
  "panels": {
    "builder": {
      "x": 528,
      "y": 63,
      "width": 670,
      "height": 728
    },
    "project-settings": {
      "x": 521,
      "y": 173,
      "width": 600,
      "height": 565
    }
  }
}