[
  {
    "__type__": "cc.Prefab",
    "_name": "Bullet",
    "_objFlags": 0,
    "_native": "",
    "data": {
      "__id__": 1
    },
    "optimizationPolicy": 0,
    "asyncLoadAssets": false,
    "readonly": false
  },
  {
    "__type__": "cc.Node",
    "_name": "Bullet",
    "_objFlags": 0,
    "_parent": null,
    "_children": [
      {
        "__id__": 2
      }
    ],
    "_active": false,
    "_level": 1,
    "_components": [
      {
        "__id__": 5
      },
      {
        "__id__": 6
      },
      {
        "__id__": 7
      }
    ],
    "_prefab": {
      "__id__": 8
    },
    "_opacity": 255,
    "_color": {
      "__type__": "cc.Color",
      "r": 255,
      "g": 255,
      "b": 255,
      "a": 255
    },
    "_contentSize": {
      "__type__": "cc.Size",
      "width": 233,
      "height": 134
    },
    "_anchorPoint": {
      "__type__": "cc.Vec2",
      "x": 0.5,
      "y": 0.5
    },
    "_position": {
      "__type__": "cc.Vec3",
      "x": 538.5329999999999,
      "y": 279.62199999999996,
      "z": 0
    },
    "_scale": {
      "__type__": "cc.Vec3",
      "x": 2.5,
      "y": 4,
      "z": 0.5
    },
    "_eulerAngles": {
      "__type__": "cc.Vec3",
      "x": 0,
      "y": 0,
      "z": 0
    },
    "_skewX": 0,
    "_skewY": 0,
    "_is3DNode": false,
    "groupIndex": 1,
    "_id": ""
  },
  {
    "__type__": "cc.Node",
    "_name": "New Particle",
    "_objFlags": 0,
    "_parent": {
      "__id__": 1
    },
    "_children": [],
    "_active": false,
    "_level": 3,
    "_components": [
      {
        "__id__": 3
      }
    ],
    "_prefab": {
      "__id__": 4
    },
    "_opacity": 255,
    "_color": {
      "__type__": "cc.Color",
      "r": 255,
      "g": 255,
      "b": 255,
      "a": 255
    },
    "_contentSize": {
      "__type__": "cc.Size",
      "width": 0,
      "height": 0
    },
    "_anchorPoint": {
      "__type__": "cc.Vec2",
      "x": 0.5,
      "y": 0.5
    },
    "_position": {
      "__type__": "cc.Vec3",
      "x": 98.026,
      "y": 0,
      "z": 0
    },
    "_scale": {
      "__type__": "cc.Vec3",
      "x": 1,
      "y": 1,
      "z": 1
    },
    "_eulerAngles": {
      "__type__": "cc.Vec3",
      "x": 0,
      "y": 0,
      "z": 0
    },
    "_skewX": 0,
    "_skewY": 0,
    "_is3DNode": false,
    "groupIndex": 0,
    "_id": ""
  },
  {
    "__type__": "cc.ParticleSystem",
    "_name": "",
    "_objFlags": 0,
    "node": {
      "__id__": 2
    },
    "_enabled": true,
    "_materials": [
      {
        "__uuid__": "eca5d2f2-8ef6-41c2-bbe6-f9c79d09c432"
      }
    ],
    "_srcBlendFactor": 770,
    "_dstBlendFactor": 1,
    "_custom": true,
    "_file": {
      "__uuid__": "b8223619-7e38-47c4-841f-9160c232495a"
    },
    "_spriteFrame": {
      "__uuid__": "bb42ed8e-0867-4584-ad63-b6f84f83bba8"
    },
    "_texture": {
      "__uuid__": "8a96b965-2dc0-4e03-aa90-3b79cb93b5b4"
    },
    "_stopped": false,
    "playOnLoad": true,
    "autoRemoveOnFinish": false,
    "totalParticles": 200,
    "duration": -1,
    "emissionRate": 500,
    "life": 10,
    "lifeVar": 10,
    "_startColor": {
      "__type__": "cc.Color",
      "r": 245,
      "g": 0,
      "b": 255,
      "a": 163
    },
    "_startColorVar": {
      "__type__": "cc.Color",
      "r": 0,
      "g": 0,
      "b": 0,
      "a": 198
    },
    "_endColor": {
      "__type__": "cc.Color",
      "r": 255,
      "g": 255,
      "b": 255,
      "a": 214
    },
    "_endColorVar": {
      "__type__": "cc.Color",
      "r": 0,
      "g": 0,
      "b": 0,
      "a": 188
    },
    "angle": 180,
    "angleVar": 180,
    "startSize": 20,
    "startSizeVar": 30,
    "endSize": 30.31999969482422,
    "endSizeVar": 0,
    "startSpin": -47.369998931884766,
    "startSpinVar": 0,
    "endSpin": -47.369998931884766,
    "endSpinVar": -142.11000061035156,
    "sourcePos": {
      "__type__": "cc.Vec2",
      "x": 0,
      "y": 0
    },
    "posVar": {
      "__type__": "cc.Vec2",
      "x": 7,
      "y": 7
    },
    "_positionType": 1,
    "positionType": 1,
    "emitterMode": 0,
    "gravity": {
      "__type__": "cc.Vec2",
      "x": 0.25,
      "y": 0.8600000143051147
    },
    "speed": 1000,
    "speedVar": 0,
    "tangentialAccel": -92.11000061035156,
    "tangentialAccelVar": 65.79000091552734,
    "radialAccel": -671.0499877929688,
    "radialAccelVar": 65.79000091552734,
    "rotationIsDir": false,
    "startRadius": 0,
    "startRadiusVar": 0,
    "endRadius": 0,
    "endRadiusVar": 0,
    "rotatePerS": 0,
    "rotatePerSVar": 0,
    "_N$preview": true,
    "_id": ""
  },
  {
    "__type__": "cc.PrefabInfo",
    "root": {
      "__id__": 1
    },
    "asset": {
      "__uuid__": "518e7d7d-6500-48ab-9754-9782528ce480"
    },
    "fileId": "015yQ6GgFI1ZWw/sOkiOX8",
    "sync": false
  },
  {
    "__type__": "cc.Sprite",
    "_name": "",
    "_objFlags": 0,
    "node": {
      "__id__": 1
    },
    "_enabled": true,
    "_materials": [
      {
        "__uuid__": "eca5d2f2-8ef6-41c2-bbe6-f9c79d09c432"
      }
    ],
    "_srcBlendFactor": 770,
    "_dstBlendFactor": 771,
    "_spriteFrame": {
      "__uuid__": "14a68855-6962-4ea3-8640-ad9519baf146"
    },
    "_type": 0,
    "_sizeMode": 1,
    "_fillType": 0,
    "_fillCenter": {
      "__type__": "cc.Vec2",
      "x": 0,
      "y": 0
    },
    "_fillStart": 0,
    "_fillRange": 0,
    "_isTrimmedMode": true,
    "_atlas": null,
    "_id": ""
  },
  {
    "__type__": "cc.BoxCollider",
    "_name": "",
    "_objFlags": 0,
    "node": {
      "__id__": 1
    },
    "_enabled": true,
    "tag": 0,
    "_offset": {
      "__type__": "cc.Vec2",
      "x": -6.7,
      "y": 1.4
    },
    "_size": {
      "__type__": "cc.Size",
      "width": 190,
      "height": 79.3
    },
    "_id": ""
  },
  {
    "__type__": "6e1e63+uYdNbavegsW2rKOZ",
    "_name": "",
    "_objFlags": 0,
    "node": {
      "__id__": 1
    },
    "_enabled": true,
    "winLayout": null,
    "_flag": false,
    "_id": ""
  },
  {
    "__type__": "cc.PrefabInfo",
    "root": {
      "__id__": 1
    },
    "asset": {
      "__uuid__": "518e7d7d-6500-48ab-9754-9782528ce480"
    },
    "fileId": "7fgOlMwNNMG6dgWLXxsB7U",
    "sync": false
  }
]