{
  "__type__": "cc.SpriteFrame",
  "content": {
    "name": "png-transparent-gold-coin-illustration-sprite-animation-2d-computer-graphics-coin-opengameart-org-coins-game-orange-bitmap-removebg-preview_01",
    "texture": "88910b36-75be-4b78-b99f-6b9b451d0b16",
    "atlas": "b365c7bf-bcc6-497c-afe3-354491db5a0e",
    "rect": [
      0,
      0,
      177,
      177
    ],
    "offset": [
      0,
      0
    ],
    "originalSize": [
      177,
      177
    ],
    "capInsets": [
      0,
      0,
      0,
      0
    ]
  }
}